OrderID,OrderDate,Warehouse,Region,Carrier,SKU,OrderedQty,PickedQty,PromisedDate,ActualDeliveryDate,PickMinutes,DockWaitMinutes,OrderValueEUR,Status
ORD-0001,2026-01-24,Helsinki DC,North,ParcelWay,SKU-040,16,16,2026-01-27,2026-01-29,6,37,284.17,Delivered
ORD-0002,2026-08-19,Turku DC,West,RapidRoute,SKU-001,16,16,2026-08-20,2026-08-19,42,29,493.96,Delivered
ORD-0003,2026-05-25,Turku DC,Central,NorthLine,SKU-040,12,12,2026-05-27,2026-05-27,25,63,380.6,Delivered
ORD-0004,2026-03-19,Helsinki DC,South,NorthLine,SKU-032,11,11,2026-03-21,2026-03-21,29,39,554.49,Delivered
ORD-0005,2026-01-23,Tampere DC,West,ParcelWay,SKU-019,13,13,2026-01-26,2026-01-26,26,44,1038.69,Delivered
ORD-0006,2026-07-30,Oulu DC,Central,RapidRoute,SKU-008,4,4,2026-07-31,2026-07-31,24,68,1002.45,Delivered
ORD-0007,2026-02-28,Helsinki DC,South,ParcelWay,SKU-026,8,8,2026-03-02,2026-03-01,24,45,1209.42,Delivered
ORD-0008,2026-07-17,Turku DC,Central,RapidRoute,SKU-016,11,11,2026-07-18,2026-07-17,41,59,675.03,Delivered
ORD-0009,2026-01-22,Tampere DC,North,NorthLine,SKU-038,13,13,2026-01-24,2026-01-23,44,20,143.62,Delivered
ORD-0010,2026-01-07,Oulu DC,West,NorthLine,SKU-029,3,3,2026-01-09,2026-01-08,29,56,1052.17,Delivered
ORD-0011,2026-05-20,Helsinki DC,Central,RapidRoute,SKU-002,5,5,2026-05-22,2026-05-23,17,14,1180.87,Delivered
ORD-0012,2026-01-05,Turku DC,North,NorthLine,SKU-040,5,5,2026-01-07,2026-01-09,33,4,377.59,Delivered
ORD-0013,2026-08-14,Oulu DC,South,NorthLine,SKU-013,3,3,2026-08-15,2026-08-14,17,12,719.54,Delivered
ORD-0014,2026-04-27,Helsinki DC,South,ParcelWay,SKU-031,5,5,2026-04-29,2026-04-28,27,22,411.41,Delivered
ORD-0015,2026-06-19,Tampere DC,West,RapidRoute,SKU-027,5,5,2026-06-21,2026-06-21,41,28,779.62,Delivered
ORD-0016,2026-04-02,Helsinki DC,Central,ParcelWay,SKU-003,12,12,2026-04-05,2026-04-05,20,55,481.08,Delivered
ORD-0017,2026-05-25,Helsinki DC,North,NorthLine,SKU-039,14,14,2026-05-27,2026-05-27,28,55,991.34,Delivered
ORD-0018,2026-02-28,Tampere DC,North,RapidRoute,SKU-037,15,15,2026-03-01,2026-03-01,38,66,1425.45,Delivered
ORD-0019,2026-08-19,Oulu DC,West,RapidRoute,SKU-009,17,17,2026-08-21,2026-08-20,15,11,1343.47,Delivered
ORD-0020,2026-07-04,Oulu DC,North,ParcelWay,SKU-028,5,5,2026-07-07,2026-07-07,29,70,176.77,Delivered
ORD-0021,2026-05-11,Turku DC,Central,NorthLine,SKU-037,14,14,2026-05-13,2026-05-13,21,66,879.37,Delivered
ORD-0022,2026-07-24,Oulu DC,Central,NorthLine,SKU-013,17,17,2026-07-25,2026-07-27,16,26,337.76,Delivered
ORD-0023,2026-03-09,Oulu DC,North,RapidRoute,SKU-012,16,16,2026-03-11,2026-03-11,29,19,1039.42,Delivered
ORD-0024,2026-07-06,Tampere DC,Central,RapidRoute,SKU-024,10,10,2026-07-08,2026-07-08,11,33,1056.0,Delivered
ORD-0025,2026-07-20,Tampere DC,Central,RapidRoute,SKU-018,12,12,2026-07-21,2026-07-20,19,30,355.28,Delivered
ORD-0026,2026-03-08,Turku DC,West,RapidRoute,SKU-037,11,11,2026-03-11,2026-03-11,27,23,874.03,Delivered
ORD-0027,2026-03-30,Helsinki DC,North,ParcelWay,SKU-037,10,10,2026-03-31,2026-03-31,18,68,660.73,Delivered
ORD-0028,2026-02-14,Helsinki DC,South,NorthLine,SKU-018,13,13,2026-02-17,2026-02-16,23,12,531.92,Delivered
ORD-0029,2026-08-17,Turku DC,Central,NorthLine,SKU-028,18,18,2026-08-20,2026-08-21,31,39,602.18,Delivered
ORD-0030,2026-05-07,Turku DC,South,RapidRoute,SKU-008,1,1,2026-05-08,2026-05-07,37,24,102.47,Delivered
ORD-0031,2026-06-08,Oulu DC,South,RapidRoute,SKU-025,3,3,2026-06-09,2026-06-08,8,7,650.32,Delivered
ORD-0032,2026-07-16,Oulu DC,West,NorthLine,SKU-034,15,15,2026-07-17,2026-07-17,44,13,517.6,Delivered
ORD-0033,2026-06-27,Oulu DC,West,RapidRoute,SKU-019,2,2,2026-06-28,2026-06-29,9,24,889.66,Delivered
ORD-0034,2026-03-24,Turku DC,South,RapidRoute,SKU-024,4,4,2026-03-27,2026-03-26,27,3,866.09,Delivered
ORD-0035,2026-06-20,Turku DC,Central,ParcelWay,SKU-011,17,17,2026-06-21,2026-06-21,38,38,393.79,Delivered
ORD-0036,2026-08-01,Tampere DC,West,ParcelWay,SKU-005,3,3,2026-08-03,2026-08-03,11,52,484.4,Delivered
ORD-0037,2026-05-04,Oulu DC,Central,NorthLine,SKU-004,11,11,2026-05-06,2026-05-05,32,13,159.47,Delivered
ORD-0038,2026-05-11,Turku DC,South,RapidRoute,SKU-002,2,2,2026-05-12,2026-05-11,45,12,760.85,Delivered
ORD-0039,2026-06-03,Helsinki DC,Central,RapidRoute,SKU-015,7,7,2026-06-04,2026-06-05,37,66,696.63,Delivered
ORD-0040,2026-03-02,Helsinki DC,North,ParcelWay,SKU-033,12,12,2026-03-04,2026-03-04,16,55,1025.62,Delivered
ORD-0041,2026-06-08,Tampere DC,North,RapidRoute,SKU-014,7,7,2026-06-09,2026-06-09,12,39,1129.12,Delivered
ORD-0042,2026-04-11,Turku DC,West,RapidRoute,SKU-019,12,12,2026-04-13,2026-04-12,10,37,797.0,Delivered
ORD-0043,2026-01-03,Tampere DC,Central,RapidRoute,SKU-037,6,6,2026-01-04,2026-01-04,42,50,103.05,Delivered
ORD-0044,2026-05-03,Helsinki DC,Central,NorthLine,SKU-040,8,8,2026-05-05,2026-05-05,24,64,1218.71,Delivered
ORD-0045,2026-03-11,Helsinki DC,North,RapidRoute,SKU-030,8,8,2026-03-13,2026-03-13,35,20,1170.53,Delivered
ORD-0046,2026-01-18,Helsinki DC,North,RapidRoute,SKU-028,10,10,2026-01-20,2026-01-22,21,8,909.66,Delivered
ORD-0047,2026-05-25,Tampere DC,North,ParcelWay,SKU-014,15,15,2026-05-28,2026-05-29,10,31,116.45,Delivered
ORD-0048,2026-06-09,Tampere DC,Central,RapidRoute,SKU-003,2,2,2026-06-10,2026-06-10,46,67,1192.14,Delivered
ORD-0049,2026-07-04,Oulu DC,North,ParcelWay,SKU-003,5,5,2026-07-05,2026-07-07,24,31,437.68,Delivered
ORD-0050,2026-03-25,Tampere DC,South,ParcelWay,SKU-007,7,7,2026-03-26,2026-03-25,34,34,221.94,Delivered
ORD-0051,2026-07-23,Turku DC,Central,NorthLine,SKU-039,5,5,2026-07-24,2026-07-24,33,61,126.78,Delivered
ORD-0052,2026-04-08,Tampere DC,West,NorthLine,SKU-018,16,16,2026-04-10,2026-04-10,29,49,150.32,Delivered
ORD-0053,2026-03-03,Tampere DC,West,NorthLine,SKU-008,12,12,2026-03-06,2026-03-06,21,28,110.95,Delivered
ORD-0054,2026-02-11,Tampere DC,West,ParcelWay,SKU-020,6,6,2026-02-12,2026-02-11,13,42,900.07,Delivered
ORD-0055,2026-03-18,Tampere DC,Central,NorthLine,SKU-024,11,11,2026-03-19,2026-03-19,18,33,951.03,Delivered
ORD-0056,2026-01-18,Turku DC,Central,RapidRoute,SKU-015,18,18,2026-01-21,2026-01-20,27,19,154.61,Delivered
ORD-0057,2026-03-11,Helsinki DC,North,ParcelWay,SKU-040,3,3,2026-03-13,2026-03-13,34,60,1008.93,Delivered
ORD-0058,2026-04-30,Turku DC,Central,ParcelWay,SKU-011,8,8,2026-05-01,2026-05-01,33,61,319.45,Delivered
ORD-0059,2026-04-30,Oulu DC,North,RapidRoute,SKU-022,11,11,2026-05-03,2026-05-05,38,37,454.72,Delivered
ORD-0060,2026-07-07,Oulu DC,North,NorthLine,SKU-029,3,3,2026-07-10,2026-07-09,36,10,327.37,Delivered
ORD-0061,2026-05-01,Helsinki DC,Central,RapidRoute,SKU-027,5,5,2026-05-02,2026-05-03,26,57,1216.23,Delivered
ORD-0062,2026-03-23,Tampere DC,South,ParcelWay,SKU-007,14,14,2026-03-25,2026-03-24,17,58,566.0,Delivered
ORD-0063,2026-05-13,Tampere DC,North,RapidRoute,SKU-025,14,14,2026-05-15,2026-05-14,17,68,905.73,Delivered
ORD-0064,2026-05-30,Helsinki DC,Central,RapidRoute,SKU-039,2,2,2026-06-01,2026-06-01,43,9,714.62,Delivered
ORD-0065,2026-07-15,Turku DC,Central,ParcelWay,SKU-018,4,4,2026-07-17,2026-07-16,40,36,867.42,Delivered
ORD-0066,2026-04-16,Turku DC,Central,NorthLine,SKU-001,5,5,2026-04-19,2026-04-19,38,65,147.14,Delivered
ORD-0067,2026-07-10,Helsinki DC,North,ParcelWay,SKU-009,6,6,2026-07-11,2026-07-11,26,51,272.39,Delivered
ORD-0068,2026-08-14,Turku DC,West,NorthLine,SKU-034,2,2,2026-08-15,2026-08-15,35,49,200.47,Delivered
ORD-0069,2026-04-01,Turku DC,North,RapidRoute,SKU-032,7,7,2026-04-04,2026-04-04,37,32,1203.69,Delivered
ORD-0070,2026-03-25,Turku DC,Central,ParcelWay,SKU-004,17,17,2026-03-27,2026-03-27,33,19,535.79,Delivered
ORD-0071,2026-03-28,Oulu DC,North,NorthLine,SKU-030,9,9,2026-03-31,2026-03-31,12,2,932.3,Delivered
ORD-0072,2026-01-14,Oulu DC,South,RapidRoute,SKU-030,3,3,2026-01-16,2026-01-16,7,29,44.11,Delivered
ORD-0073,2026-03-15,Turku DC,West,ParcelWay,SKU-029,10,10,2026-03-18,2026-03-18,29,35,1404.24,Delivered
ORD-0074,2026-04-17,Helsinki DC,Central,NorthLine,SKU-039,14,14,2026-04-19,2026-04-19,18,56,637.46,Delivered
ORD-0075,2026-01-11,Tampere DC,Central,RapidRoute,SKU-006,15,15,2026-01-13,2026-01-13,40,8,112.03,Delivered
ORD-0076,2026-03-07,Turku DC,North,NorthLine,SKU-011,11,11,2026-03-10,2026-03-10,47,15,772.49,Delivered
ORD-0077,2026-04-14,Turku DC,Central,RapidRoute,SKU-035,18,18,2026-04-16,2026-04-15,6,44,779.48,Delivered
ORD-0078,2026-02-15,Turku DC,North,ParcelWay,SKU-027,5,5,2026-02-17,2026-02-17,42,7,1133.23,Delivered
ORD-0079,2026-05-17,Turku DC,Central,RapidRoute,SKU-027,1,1,2026-05-20,2026-05-19,37,50,1250.15,Delivered
ORD-0080,2026-02-12,Oulu DC,Central,NorthLine,SKU-007,4,4,2026-02-13,2026-02-13,37,4,980.69,Delivered
ORD-0081,2026-06-09,Turku DC,Central,RapidRoute,SKU-001,12,12,2026-06-12,2026-06-12,38,46,1398.6,Delivered
ORD-0082,2026-01-31,Oulu DC,South,RapidRoute,SKU-013,10,10,2026-02-03,2026-02-03,43,38,1428.78,Delivered
ORD-0083,2026-04-09,Tampere DC,West,ParcelWay,SKU-016,14,14,2026-04-10,2026-04-11,45,7,714.82,Delivered
ORD-0084,2026-03-05,Oulu DC,Central,NorthLine,SKU-007,13,13,2026-03-06,2026-03-06,9,6,1137.36,Delivered
ORD-0085,2026-01-23,Helsinki DC,South,ParcelWay,SKU-012,3,3,2026-01-24,2026-01-24,21,38,623.45,Delivered
ORD-0086,2026-03-17,Turku DC,Central,NorthLine,SKU-033,10,10,2026-03-18,2026-03-18,7,10,1143.24,Delivered
ORD-0087,2026-08-24,Tampere DC,West,RapidRoute,SKU-015,5,5,2026-08-25,2026-08-24,23,16,84.25,Delivered
ORD-0088,2026-03-10,Helsinki DC,West,NorthLine,SKU-008,9,9,2026-03-11,2026-03-11,30,3,1482.41,Delivered
ORD-0089,2026-08-14,Tampere DC,Central,NorthLine,SKU-027,1,1,2026-08-15,2026-08-15,40,40,819.82,Delivered
ORD-0090,2026-02-15,Helsinki DC,West,RapidRoute,SKU-034,8,8,2026-02-18,2026-02-18,12,40,244.61,Delivered
ORD-0091,2026-07-07,Turku DC,Central,NorthLine,SKU-027,15,15,2026-07-09,2026-07-11,45,34,558.9,Delivered
ORD-0092,2026-04-12,Turku DC,South,NorthLine,SKU-037,7,7,2026-04-13,2026-04-13,30,56,232.46,Delivered
ORD-0093,2026-05-20,Tampere DC,South,NorthLine,SKU-013,3,3,2026-05-21,2026-05-20,15,54,201.82,Delivered
ORD-0094,2026-03-15,Oulu DC,South,NorthLine,SKU-033,9,9,2026-03-18,2026-03-20,27,32,146.41,Delivered
ORD-0095,2026-01-31,Helsinki DC,South,ParcelWay,SKU-001,3,3,2026-02-01,2026-02-01,45,37,781.81,Delivered
ORD-0096,2026-06-19,Turku DC,West,ParcelWay,SKU-025,8,8,2026-06-21,2026-06-21,39,30,36.11,Delivered
ORD-0097,2026-05-17,Turku DC,North,NorthLine,SKU-023,14,14,2026-05-20,2026-05-19,12,59,212.78,Delivered
ORD-0098,2026-07-17,Helsinki DC,Central,NorthLine,SKU-026,1,1,2026-07-19,2026-07-19,30,30,691.04,Delivered
ORD-0099,2026-02-01,Oulu DC,West,NorthLine,SKU-013,7,7,2026-02-02,2026-02-01,15,63,283.2,Delivered
ORD-0100,2026-05-10,Oulu DC,North,NorthLine,SKU-016,9,9,2026-05-13,2026-05-13,44,29,1324.73,Delivered
ORD-0101,2026-07-20,Helsinki DC,West,RapidRoute,SKU-022,11,11,2026-07-22,2026-07-24,47,14,1000.43,Delivered
ORD-0102,2026-01-30,Tampere DC,North,ParcelWay,SKU-035,5,5,2026-02-01,2026-02-01,23,46,961.81,Delivered
ORD-0103,2026-05-02,Oulu DC,Central,RapidRoute,SKU-032,13,13,2026-05-04,2026-05-04,35,6,903.21,Delivered
ORD-0104,2026-02-05,Turku DC,West,NorthLine,SKU-029,7,7,2026-02-07,2026-02-07,34,14,506.0,Delivered
ORD-0105,2026-02-14,Oulu DC,West,RapidRoute,SKU-006,6,6,2026-02-15,2026-02-15,7,7,1291.01,Delivered
ORD-0106,2026-04-15,Oulu DC,North,NorthLine,SKU-017,2,2,2026-04-17,2026-04-17,31,69,926.1,Delivered
ORD-0107,2026-06-11,Helsinki DC,South,ParcelWay,SKU-004,18,18,2026-06-13,2026-06-13,11,49,1218.52,Delivered
ORD-0108,2026-05-16,Turku DC,West,RapidRoute,SKU-028,15,15,2026-05-18,2026-05-18,44,45,718.03,Delivered
ORD-0109,2026-06-21,Turku DC,South,NorthLine,SKU-022,2,2,2026-06-22,2026-06-22,40,69,1010.11,Delivered
ORD-0110,2026-08-04,Oulu DC,South,ParcelWay,SKU-002,2,2,2026-08-05,2026-08-07,44,47,1170.46,Delivered
ORD-0111,2026-05-07,Oulu DC,Central,RapidRoute,SKU-035,10,10,2026-05-08,2026-05-07,38,27,1435.5,Delivered
ORD-0112,2026-08-15,Tampere DC,Central,ParcelWay,SKU-032,2,2,2026-08-16,2026-08-16,24,55,629.11,Delivered
ORD-0113,2026-06-29,Oulu DC,West,RapidRoute,SKU-021,16,16,2026-06-30,2026-06-30,40,50,587.94,Delivered
ORD-0114,2026-06-03,Turku DC,West,NorthLine,SKU-011,3,3,2026-06-04,2026-06-04,6,30,869.19,Delivered
ORD-0115,2026-03-18,Helsinki DC,West,ParcelWay,SKU-036,3,3,2026-03-19,2026-03-19,25,37,1378.34,Delivered
ORD-0116,2026-08-20,Tampere DC,North,RapidRoute,SKU-007,11,11,2026-08-22,2026-08-22,21,19,976.49,Delivered
ORD-0117,2026-07-03,Turku DC,North,ParcelWay,SKU-023,8,8,2026-07-06,2026-07-06,18,13,692.25,Delivered
ORD-0118,2026-07-31,Turku DC,North,RapidRoute,SKU-015,1,1,2026-08-01,2026-08-01,13,34,285.56,Delivered
ORD-0119,2026-05-22,Helsinki DC,North,NorthLine,SKU-011,8,8,2026-05-23,2026-05-22,35,3,515.04,Delivered
ORD-0120,2026-07-18,Oulu DC,South,NorthLine,SKU-039,9,9,2026-07-19,2026-07-19,31,10,266.16,Delivered
ORD-0121,2026-02-24,Helsinki DC,Central,ParcelWay,SKU-004,6,6,2026-02-25,2026-02-25,37,47,991.56,Delivered
ORD-0122,2026-04-20,Turku DC,Central,RapidRoute,SKU-016,15,15,2026-04-23,2026-04-25,44,25,81.37,Delivered
ORD-0123,2026-07-06,Oulu DC,West,ParcelWay,SKU-002,18,18,2026-07-09,2026-07-09,19,45,1200.76,Delivered
ORD-0124,2026-07-22,Oulu DC,West,RapidRoute,SKU-033,11,11,2026-07-23,2026-07-24,42,52,684.22,Delivered
ORD-0125,2026-04-23,Turku DC,Central,NorthLine,SKU-004,11,11,2026-04-25,2026-04-25,45,64,58.54,Delivered
ORD-0126,2026-07-26,Helsinki DC,North,NorthLine,SKU-004,9,9,2026-07-28,2026-07-28,44,51,764.98,Delivered
ORD-0127,2026-04-07,Helsinki DC,North,RapidRoute,SKU-008,9,9,2026-04-09,2026-04-09,17,26,987.12,Delivered
ORD-0128,2026-03-12,Tampere DC,West,RapidRoute,SKU-024,13,13,2026-03-15,2026-03-14,42,5,317.92,Delivered
ORD-0129,2026-07-16,Tampere DC,West,ParcelWay,SKU-028,6,6,2026-07-19,2026-07-21,11,53,270.02,Delivered
ORD-0130,2026-02-22,Helsinki DC,South,NorthLine,SKU-035,3,3,2026-02-24,2026-02-26,37,70,905.77,Delivered
ORD-0131,2026-03-22,Tampere DC,North,ParcelWay,SKU-013,3,3,2026-03-24,2026-03-24,28,44,1002.36,Delivered
ORD-0132,2026-08-06,Tampere DC,West,RapidRoute,SKU-040,18,18,2026-08-07,2026-08-07,10,7,745.74,Delivered
ORD-0133,2026-06-28,Helsinki DC,North,RapidRoute,SKU-029,17,17,2026-06-30,2026-06-29,6,55,1000.35,Delivered
ORD-0134,2026-03-05,Turku DC,North,ParcelWay,SKU-039,4,4,2026-03-08,2026-03-09,22,58,1328.74,Delivered
ORD-0135,2026-05-20,Turku DC,Central,RapidRoute,SKU-001,13,13,2026-05-22,2026-05-21,24,28,1492.27,Delivered
ORD-0136,2026-03-27,Tampere DC,North,ParcelWay,SKU-035,18,18,2026-03-29,2026-03-30,6,55,50.61,Delivered
ORD-0137,2026-04-15,Oulu DC,North,ParcelWay,SKU-039,10,10,2026-04-17,2026-04-17,19,45,717.52,Delivered
ORD-0138,2026-04-12,Turku DC,Central,ParcelWay,SKU-007,17,17,2026-04-13,2026-04-13,42,69,502.6,Delivered
ORD-0139,2026-06-27,Tampere DC,South,RapidRoute,SKU-010,18,18,2026-06-29,2026-06-29,34,31,982.0,Delivered
ORD-0140,2026-01-18,Turku DC,West,RapidRoute,SKU-011,12,12,2026-01-20,2026-01-19,22,60,1481.87,Delivered
ORD-0141,2026-06-10,Tampere DC,North,NorthLine,SKU-018,10,10,2026-06-13,2026-06-12,24,22,338.15,Delivered
ORD-0142,2026-03-01,Turku DC,North,RapidRoute,SKU-009,18,18,2026-03-03,2026-03-02,12,32,924.16,Delivered
ORD-0143,2026-03-02,Tampere DC,North,RapidRoute,SKU-027,16,16,2026-03-03,2026-03-03,13,12,1114.68,Delivered
ORD-0144,2026-05-06,Oulu DC,North,ParcelWay,SKU-012,11,11,2026-05-07,2026-05-08,39,66,605.74,Delivered
ORD-0145,2026-04-18,Tampere DC,North,ParcelWay,SKU-005,13,13,2026-04-20,2026-04-20,39,21,1077.2,Delivered
ORD-0146,2026-03-30,Turku DC,West,RapidRoute,SKU-025,14,14,2026-03-31,2026-03-31,24,39,1288.66,Delivered
ORD-0147,2026-06-23,Helsinki DC,Central,RapidRoute,SKU-027,5,5,2026-06-25,2026-06-24,40,56,847.6,Delivered
ORD-0148,2026-01-31,Turku DC,North,NorthLine,SKU-036,6,6,2026-02-02,2026-02-01,36,29,1055.63,Delivered
ORD-0149,2026-06-20,Tampere DC,Central,RapidRoute,SKU-025,2,2,2026-06-21,2026-06-21,41,45,245.85,Delivered
ORD-0150,2026-03-31,Helsinki DC,South,NorthLine,SKU-002,15,15,2026-04-03,2026-04-05,40,23,583.11,Delivered
ORD-0151,2026-01-25,Tampere DC,Central,ParcelWay,SKU-007,5,5,2026-01-28,2026-01-28,33,4,820.06,Delivered
ORD-0152,2026-07-14,Tampere DC,Central,RapidRoute,SKU-020,17,17,2026-07-16,2026-07-17,43,40,1484.28,Delivered
ORD-0153,2026-04-19,Tampere DC,Central,NorthLine,SKU-030,16,16,2026-04-20,2026-04-20,12,2,89.04,Delivered
ORD-0154,2026-07-01,Tampere DC,South,ParcelWay,SKU-013,7,7,2026-07-02,2026-07-01,31,51,546.52,Delivered
ORD-0155,2026-05-09,Tampere DC,North,RapidRoute,SKU-030,15,15,2026-05-10,2026-05-09,38,20,881.21,Delivered
ORD-0156,2026-01-08,Oulu DC,Central,RapidRoute,SKU-006,6,6,2026-01-11,2026-01-10,13,50,125.59,Delivered
ORD-0157,2026-07-28,Oulu DC,Central,NorthLine,SKU-008,6,6,2026-07-30,2026-07-30,15,19,823.53,Delivered
ORD-0158,2026-07-14,Tampere DC,South,RapidRoute,SKU-025,6,6,2026-07-15,2026-07-15,33,26,344.37,Delivered
ORD-0159,2026-06-20,Helsinki DC,Central,NorthLine,SKU-032,1,1,2026-06-23,2026-06-24,35,59,793.03,Delivered
ORD-0160,2026-03-13,Tampere DC,South,ParcelWay,SKU-006,8,8,2026-03-14,2026-03-13,34,38,473.9,Delivered
ORD-0161,2026-05-23,Turku DC,North,RapidRoute,SKU-012,10,10,2026-05-24,2026-05-23,11,17,935.48,Delivered
ORD-0162,2026-07-17,Turku DC,South,NorthLine,SKU-011,15,15,2026-07-18,2026-07-17,37,5,883.54,Delivered
ORD-0163,2026-06-03,Tampere DC,South,RapidRoute,SKU-036,11,11,2026-06-04,2026-06-04,38,58,1208.51,Delivered
ORD-0164,2026-01-18,Tampere DC,North,ParcelWay,SKU-026,17,17,2026-01-19,2026-01-20,29,41,218.9,Delivered
ORD-0165,2026-03-07,Turku DC,North,NorthLine,SKU-005,4,2,2026-03-08,2026-03-08,10,47,297.56,Delivered
ORD-0166,2026-02-14,Turku DC,West,RapidRoute,SKU-010,3,3,2026-02-15,2026-02-15,12,43,380.69,Delivered
ORD-0167,2026-03-17,Turku DC,North,RapidRoute,SKU-017,15,15,2026-03-19,2026-03-19,35,31,498.19,Delivered
ORD-0168,2026-08-01,Oulu DC,South,RapidRoute,SKU-029,10,10,2026-08-03,2026-08-02,44,54,443.56,Delivered
ORD-0169,2026-06-09,Oulu DC,Central,NorthLine,SKU-029,4,4,2026-06-10,2026-06-12,42,2,1375.51,Delivered
ORD-0170,2026-02-24,Turku DC,North,ParcelWay,SKU-011,18,18,2026-02-25,2026-02-27,11,62,678.49,Delivered
ORD-0171,2026-08-13,Turku DC,Central,ParcelWay,SKU-004,8,8,2026-08-14,2026-08-14,22,16,1260.37,Delivered
ORD-0172,2026-07-19,Turku DC,South,ParcelWay,SKU-030,15,15,2026-07-20,2026-07-20,45,38,1271.94,Delivered
ORD-0173,2026-08-10,Tampere DC,Central,NorthLine,SKU-030,1,1,2026-08-12,2026-08-12,42,59,1171.86,Delivered
ORD-0174,2026-05-16,Oulu DC,Central,RapidRoute,SKU-013,9,9,2026-05-17,2026-05-16,17,20,530.58,Delivered
ORD-0175,2026-07-09,Oulu DC,Central,NorthLine,SKU-035,1,1,2026-07-10,2026-07-10,36,31,497.1,Delivered
ORD-0176,2026-03-11,Turku DC,West,NorthLine,SKU-023,16,14,2026-03-14,2026-03-16,43,47,1291.25,Delivered
ORD-0177,2026-01-19,Oulu DC,Central,RapidRoute,SKU-008,17,17,2026-01-21,2026-01-21,24,58,1042.19,Delivered
ORD-0178,2026-01-09,Tampere DC,North,ParcelWay,SKU-038,16,16,2026-01-11,2026-01-11,40,64,632.36,Delivered
ORD-0179,2026-06-18,Oulu DC,South,RapidRoute,SKU-030,10,10,2026-06-21,2026-06-21,37,18,509.7,Delivered
ORD-0180,2026-01-20,Helsinki DC,West,ParcelWay,SKU-027,7,7,2026-01-22,2026-01-24,11,19,1102.45,Delivered
ORD-0181,2026-01-07,Oulu DC,Central,NorthLine,SKU-023,7,7,2026-01-08,2026-01-07,46,23,1462.28,Delivered
ORD-0182,2026-04-04,Turku DC,North,NorthLine,SKU-024,15,15,2026-04-05,2026-04-07,40,63,1295.17,Delivered
ORD-0183,2026-08-15,Turku DC,West,NorthLine,SKU-040,9,9,2026-08-16,2026-08-16,9,37,536.74,Delivered
ORD-0184,2026-07-02,Oulu DC,Central,RapidRoute,SKU-007,17,17,2026-07-03,2026-07-04,6,12,334.66,Delivered
ORD-0185,2026-06-13,Helsinki DC,West,ParcelWay,SKU-003,12,12,2026-06-14,2026-06-13,26,43,722.64,Delivered
ORD-0186,2026-07-17,Turku DC,North,NorthLine,SKU-005,5,5,2026-07-20,2026-07-20,28,8,741.65,Delivered
ORD-0187,2026-04-13,Turku DC,West,RapidRoute,SKU-015,14,14,2026-04-15,2026-04-15,37,20,474.29,Delivered
ORD-0188,2026-05-08,Turku DC,Central,NorthLine,SKU-022,1,1,2026-05-09,2026-05-08,17,52,1026.81,Delivered
ORD-0189,2026-07-03,Turku DC,Central,NorthLine,SKU-025,14,14,2026-07-05,2026-07-05,42,33,583.28,Delivered
ORD-0190,2026-01-12,Tampere DC,Central,RapidRoute,SKU-016,4,4,2026-01-13,2026-01-12,25,25,1406.95,Delivered
ORD-0191,2026-07-27,Helsinki DC,North,NorthLine,SKU-016,17,17,2026-07-29,2026-07-29,24,11,1293.7,Delivered
ORD-0192,2026-01-23,Oulu DC,North,ParcelWay,SKU-016,2,2,2026-01-25,2026-01-25,6,68,1436.61,Delivered
ORD-0193,2026-07-21,Tampere DC,West,ParcelWay,SKU-021,6,6,2026-07-22,2026-07-21,11,2,1352.13,Delivered
ORD-0194,2026-06-22,Turku DC,West,RapidRoute,SKU-011,3,3,2026-06-23,2026-06-23,29,56,838.85,Delivered
ORD-0195,2026-04-05,Oulu DC,West,ParcelWay,SKU-032,6,6,2026-04-06,2026-04-06,20,39,1459.3,Delivered
ORD-0196,2026-04-03,Oulu DC,South,ParcelWay,SKU-019,14,13,2026-04-06,2026-04-06,10,45,884.66,Delivered
ORD-0197,2026-07-30,Turku DC,South,NorthLine,SKU-026,2,2,2026-07-31,2026-07-30,28,10,1382.24,Delivered
ORD-0198,2026-08-25,Turku DC,Central,ParcelWay,SKU-033,4,4,2026-08-27,2026-08-26,8,12,1263.71,Delivered
ORD-0199,2026-02-05,Helsinki DC,North,ParcelWay,SKU-037,15,15,2026-02-08,2026-02-08,47,45,1409.0,Delivered
ORD-0200,2026-04-13,Turku DC,West,ParcelWay,SKU-036,5,5,2026-04-15,2026-04-15,20,31,629.06,Delivered
ORD-0201,2026-01-15,Turku DC,South,NorthLine,SKU-025,3,3,2026-01-17,2026-01-19,31,17,1428.53,Delivered
ORD-0202,2026-01-19,Tampere DC,North,RapidRoute,SKU-021,12,12,2026-01-21,2026-01-21,48,10,159.05,Delivered
ORD-0203,2026-03-14,Oulu DC,Central,NorthLine,SKU-011,8,8,2026-03-16,2026-03-16,17,17,419.29,Delivered
ORD-0204,2026-04-14,Helsinki DC,South,RapidRoute,SKU-021,1,1,2026-04-15,2026-04-17,48,26,686.29,Delivered
ORD-0205,2026-01-23,Tampere DC,West,RapidRoute,SKU-009,4,4,2026-01-25,2026-01-26,15,33,486.05,Delivered
ORD-0206,2026-03-12,Tampere DC,Central,ParcelWay,SKU-031,3,3,2026-03-14,2026-03-14,23,14,917.38,Delivered
ORD-0207,2026-02-05,Oulu DC,North,NorthLine,SKU-018,12,12,2026-02-06,2026-02-08,25,57,955.57,Delivered
ORD-0208,2026-07-04,Turku DC,South,RapidRoute,SKU-022,13,13,2026-07-05,2026-07-05,6,19,928.99,Delivered
ORD-0209,2026-06-30,Oulu DC,West,ParcelWay,SKU-039,6,6,2026-07-02,2026-07-01,46,5,637.69,Delivered
ORD-0210,2026-03-12,Oulu DC,Central,ParcelWay,SKU-036,1,1,2026-03-14,2026-03-13,27,7,347.55,Delivered
ORD-0211,2026-08-15,Helsinki DC,North,RapidRoute,SKU-039,10,10,2026-08-17,2026-08-16,26,57,189.41,Delivered
ORD-0212,2026-06-25,Turku DC,South,NorthLine,SKU-034,15,15,2026-06-28,2026-06-28,6,59,286.77,Delivered
ORD-0213,2026-05-30,Oulu DC,North,RapidRoute,SKU-032,1,1,2026-06-01,2026-06-01,34,26,89.13,Delivered
ORD-0214,2026-07-08,Oulu DC,South,ParcelWay,SKU-038,10,10,2026-07-10,2026-07-10,12,22,996.71,Delivered
ORD-0215,2026-01-24,Oulu DC,West,RapidRoute,SKU-038,18,18,2026-01-26,2026-01-26,21,8,420.88,Delivered
ORD-0216,2026-04-17,Turku DC,Central,ParcelWay,SKU-037,7,7,2026-04-19,2026-04-19,10,12,143.45,Delivered
ORD-0217,2026-01-08,Turku DC,South,NorthLine,SKU-010,7,7,2026-01-10,2026-01-10,23,3,1337.86,Delivered
ORD-0218,2026-08-13,Oulu DC,Central,ParcelWay,SKU-035,17,17,2026-08-15,2026-08-15,31,28,1478.28,Delivered
ORD-0219,2026-02-18,Helsinki DC,Central,NorthLine,SKU-011,18,18,2026-02-19,2026-02-18,42,9,185.13,Delivered
ORD-0220,2026-03-01,Tampere DC,North,RapidRoute,SKU-024,10,10,2026-03-03,2026-03-02,18,60,1133.42,Delivered
ORD-0221,2026-04-11,Tampere DC,South,NorthLine,SKU-018,12,12,2026-04-13,2026-04-13,23,65,928.58,Delivered
ORD-0222,2026-06-27,Turku DC,Central,NorthLine,SKU-027,11,11,2026-06-29,2026-06-29,24,67,1407.99,Delivered
ORD-0223,2026-07-03,Tampere DC,West,NorthLine,SKU-033,11,11,2026-07-06,2026-07-06,32,63,1410.27,Delivered
ORD-0224,2026-07-11,Turku DC,South,RapidRoute,SKU-010,10,10,2026-07-13,2026-07-14,45,70,1005.58,Delivered
ORD-0225,2026-07-02,Turku DC,North,ParcelWay,SKU-015,17,17,2026-07-03,2026-07-02,25,52,716.36,Delivered
ORD-0226,2026-06-05,Helsinki DC,West,RapidRoute,SKU-022,13,13,2026-06-06,2026-06-06,33,65,1452.95,Delivered
ORD-0227,2026-02-19,Oulu DC,Central,NorthLine,SKU-040,13,13,2026-02-21,2026-02-20,39,69,571.5,Delivered
ORD-0228,2026-05-16,Oulu DC,Central,ParcelWay,SKU-010,9,9,2026-05-17,2026-05-16,46,62,994.76,Delivered
ORD-0229,2026-08-01,Oulu DC,Central,ParcelWay,SKU-006,9,9,2026-08-04,2026-08-04,7,40,706.62,Delivered
ORD-0230,2026-08-24,Helsinki DC,West,ParcelWay,SKU-032,8,8,2026-08-25,2026-08-24,31,52,883.42,Delivered
ORD-0231,2026-03-08,Tampere DC,South,RapidRoute,SKU-034,9,9,2026-03-09,2026-03-09,19,67,722.84,Delivered
ORD-0232,2026-05-13,Tampere DC,Central,ParcelWay,SKU-033,2,2,2026-05-16,2026-05-18,25,42,1096.72,Delivered
ORD-0233,2026-01-15,Oulu DC,North,RapidRoute,SKU-021,9,9,2026-01-17,2026-01-17,7,4,580.55,Delivered
ORD-0234,2026-07-21,Helsinki DC,North,RapidRoute,SKU-035,7,7,2026-07-24,2026-07-25,6,32,930.43,Delivered
ORD-0235,2026-01-25,Tampere DC,West,ParcelWay,SKU-031,8,8,2026-01-28,2026-01-30,9,6,132.98,Delivered
ORD-0236,2026-08-17,Turku DC,South,ParcelWay,SKU-001,3,3,2026-08-18,2026-08-18,14,60,607.22,Delivered
ORD-0237,2026-05-28,Tampere DC,Central,ParcelWay,SKU-029,1,1,2026-05-30,2026-05-29,29,3,722.09,Delivered
ORD-0238,2026-05-03,Tampere DC,South,RapidRoute,SKU-033,5,5,2026-05-05,2026-05-06,16,68,1115.1,Delivered
ORD-0239,2026-07-10,Helsinki DC,North,NorthLine,SKU-030,14,14,2026-07-11,2026-07-10,20,29,701.13,Delivered
ORD-0240,2026-01-03,Oulu DC,Central,NorthLine,SKU-038,1,1,2026-01-04,2026-01-03,31,55,192.86,Delivered
