TripID,ShipDate,Route,Carrier,VehicleType,PlannedMinutes,ActualMinutes,DistanceKm,Stops,FailedDeliveries,FuelLitres,TripCostEUR
TRP-0001,2026-08-20,Tampere-North,NorthLine,Articulated,273,337,303.2,22,2,115.7,398.67
TRP-0002,2026-02-26,Oulu-Longhaul,RapidRoute,Rigid,81,95,319.0,11,3,117.9,393.59
TRP-0003,2026-04-27,Tampere-North,RapidRoute,Rigid,238,235,39.3,27,1,9.1,67.49
TRP-0004,2026-07-23,Helsinki-West,ParcelWay,Rigid,166,230,46.6,15,0,17.4,103.9
TRP-0005,2026-05-13,Tampere-North,NorthLine,Rigid,420,359,172.8,12,3,55.6,303.0
TRP-0006,2026-04-18,Oulu-Longhaul,RapidRoute,Rigid,298,247,177.5,38,1,64.7,228.14
TRP-0007,2026-03-06,Tampere-North,NorthLine,Rigid,93,107,154.8,26,3,50.6,212.67
TRP-0008,2026-02-18,Helsinki-East,RapidRoute,Rigid,94,86,175.0,21,2,68.2,274.06
TRP-0009,2026-03-30,Helsinki-East,RapidRoute,Articulated,185,168,192.5,33,1,60.0,287.3
TRP-0010,2026-06-11,Helsinki-West,ParcelWay,Van,61,60,88.7,25,3,22.3,113.28
TRP-0011,2026-06-09,Oulu-Longhaul,RapidRoute,Articulated,301,321,228.2,32,2,53.0,275.38
TRP-0012,2026-04-02,Helsinki-West,NorthLine,Rigid,237,321,45.6,14,3,12.5,97.8
TRP-0013,2026-01-21,Helsinki-East,NorthLine,Articulated,170,236,59.5,28,3,22.9,103.33
TRP-0014,2026-05-14,Helsinki-West,ParcelWay,Van,354,304,236.5,11,2,57.2,380.79
TRP-0015,2026-08-17,Tampere-North,RapidRoute,Articulated,295,371,321.7,15,0,115.8,408.6
TRP-0016,2026-05-20,Turku-Coastal,ParcelWay,Van,282,245,159.3,35,2,35.3,236.54
TRP-0017,2026-05-06,Tampere-North,ParcelWay,Articulated,367,419,273.2,16,1,102.6,321.55
TRP-0018,2026-01-26,Helsinki-West,NorthLine,Van,142,136,95.6,42,2,33.9,111.88
TRP-0019,2026-04-02,Helsinki-East,NorthLine,Van,354,326,212.6,10,1,62.7,240.78
TRP-0020,2026-01-29,Helsinki-East,ParcelWay,Articulated,47,39,229.1,40,3,83.6,291.71
TRP-0021,2026-07-09,Turku-Coastal,RapidRoute,Rigid,291,349,122.2,19,0,33.8,199.77
TRP-0022,2026-08-17,Oulu-Longhaul,RapidRoute,Van,189,235,26.4,24,0,9.8,63.55
TRP-0023,2026-05-25,Helsinki-West,NorthLine,Rigid,225,260,282.2,23,2,71.3,499.7
TRP-0024,2026-06-04,Oulu-Longhaul,NorthLine,Rigid,412,581,152.7,41,0,47.4,194.89
TRP-0025,2026-07-26,Turku-Coastal,ParcelWay,Van,108,130,303.5,26,0,67.8,542.65
TRP-0026,2026-04-27,Turku-Coastal,NorthLine,Rigid,162,218,237.9,12,3,85.1,430.21
TRP-0027,2026-08-10,Helsinki-East,RapidRoute,Rigid,104,87,60.8,17,1,18.2,136.08
TRP-0028,2026-02-03,Tampere-North,NorthLine,Articulated,236,244,101.6,8,1,27.9,198.23
TRP-0029,2026-08-15,Helsinki-West,ParcelWay,Van,134,150,250.1,12,2,91.1,311.62
TRP-0030,2026-06-22,Turku-Coastal,RapidRoute,Rigid,414,528,98.0,21,3,31.2,190.01
TRP-0031,2026-06-26,Oulu-Longhaul,ParcelWay,Van,216,270,116.1,37,0,32.2,156.44
TRP-0032,2026-01-30,Oulu-Longhaul,RapidRoute,Van,71,78,141.0,21,3,36.2,172.61
TRP-0033,2026-01-01,Tampere-North,NorthLine,Van,153,198,245.3,22,2,55.2,260.37
TRP-0034,2026-01-13,Tampere-North,NorthLine,Articulated,158,155,163.1,33,3,37.9,239.03
TRP-0035,2026-07-17,Turku-Coastal,RapidRoute,Van,87,71,205.8,35,0,65.9,242.38
TRP-0036,2026-03-19,Helsinki-West,RapidRoute,Articulated,289,287,183.9,21,2,49.8,185.65
TRP-0037,2026-06-02,Oulu-Longhaul,NorthLine,Articulated,230,206,89.1,20,0,26.9,153.68
TRP-0038,2026-02-02,Helsinki-West,ParcelWay,Rigid,354,475,277.9,42,3,64.0,291.92
TRP-0039,2026-04-04,Helsinki-East,RapidRoute,Rigid,76,91,47.6,9,0,10.5,88.14
TRP-0040,2026-02-19,Tampere-North,RapidRoute,Rigid,60,62,102.4,18,3,34.3,143.79
TRP-0041,2026-07-11,Helsinki-East,RapidRoute,Articulated,180,151,20.2,16,0,4.9,64.74
TRP-0042,2026-04-26,Tampere-North,NorthLine,Articulated,178,158,107.0,13,0,37.9,130.46
TRP-0043,2026-07-10,Tampere-North,ParcelWay,Rigid,186,252,267.0,34,2,100.6,311.76
TRP-0044,2026-03-12,Helsinki-East,ParcelWay,Van,386,426,205.8,36,0,61.3,252.16
TRP-0045,2026-01-25,Helsinki-West,RapidRoute,Articulated,132,139,159.0,28,0,51.2,282.69
TRP-0046,2026-01-08,Tampere-North,RapidRoute,Rigid,204,211,310.5,23,3,118.3,385.84
TRP-0047,2026-07-08,Tampere-North,RapidRoute,Articulated,370,518,272.4,17,1,60.5,496.92
TRP-0048,2026-05-12,Helsinki-West,RapidRoute,Articulated,390,407,19.8,17,2,6.9,63.75
TRP-0049,2026-06-20,Oulu-Longhaul,NorthLine,Articulated,102,85,177.6,20,3,66.5,320.1
TRP-0050,2026-08-12,Tampere-North,ParcelWay,Van,219,182,23.0,36,1,7.2,62.41
TRP-0051,2026-05-18,Turku-Coastal,ParcelWay,Van,356,357,173.4,9,3,58.1,258.17
TRP-0052,2026-08-15,Turku-Coastal,NorthLine,Van,366,469,136.3,17,2,49.9,204.98
TRP-0053,2026-08-07,Helsinki-West,ParcelWay,Articulated,192,205,251.3,36,2,55.8,395.4
TRP-0054,2026-05-23,Oulu-Longhaul,ParcelWay,Rigid,50,50,278.7,34,1,82.6,382.97
TRP-0055,2026-06-14,Helsinki-East,NorthLine,Van,338,448,124.6,14,1,46.3,171.84
TRP-0056,2026-08-10,Oulu-Longhaul,NorthLine,Rigid,114,147,167.2,37,1,42.2,279.93
TRP-0057,2026-06-14,Helsinki-East,RapidRoute,Van,107,84,286.5,20,0,63.3,444.54
TRP-0058,2026-05-21,Tampere-North,RapidRoute,Rigid,184,214,287.1,17,0,73.4,418.43
TRP-0059,2026-04-30,Tampere-North,RapidRoute,Articulated,186,146,211.4,28,2,68.3,313.18
TRP-0060,2026-02-07,Tampere-North,RapidRoute,Van,414,375,289.0,34,3,69.3,458.94
TRP-0061,2026-08-13,Turku-Coastal,NorthLine,Van,417,569,286.2,31,0,100.3,285.77
TRP-0062,2026-07-24,Turku-Coastal,ParcelWay,Van,198,219,114.9,25,1,41.5,229.4
TRP-0063,2026-05-05,Tampere-North,NorthLine,Van,389,534,163.4,32,1,38.6,271.59
TRP-0064,2026-01-22,Turku-Coastal,ParcelWay,Rigid,310,428,132.4,11,3,40.8,229.17
TRP-0065,2026-06-09,Oulu-Longhaul,ParcelWay,Van,210,271,112.5,13,3,36.8,200.14
TRP-0066,2026-08-02,Turku-Coastal,RapidRoute,Van,81,106,224.8,10,2,75.5,310.29
TRP-0067,2026-04-02,Helsinki-East,NorthLine,Rigid,111,105,273.2,21,0,96.6,293.3
TRP-0068,2026-01-08,Turku-Coastal,RapidRoute,Articulated,285,234,148.4,25,1,55.5,158.49
TRP-0069,2026-04-30,Oulu-Longhaul,RapidRoute,Rigid,71,56,285.0,18,0,78.3,422.77
TRP-0070,2026-05-02,Oulu-Longhaul,NorthLine,Articulated,141,141,36.2,23,2,11.2,71.83
TRP-0071,2026-01-28,Turku-Coastal,ParcelWay,Van,279,368,198.2,39,0,60.4,358.59
TRP-0072,2026-04-18,Helsinki-West,RapidRoute,Articulated,378,364,213.4,21,3,58.7,350.16
TRP-0073,2026-04-18,Turku-Coastal,RapidRoute,Van,52,41,270.8,37,3,80.6,468.28
TRP-0074,2026-08-28,Tampere-North,NorthLine,Rigid,110,134,190.7,24,1,42.7,227.37
TRP-0075,2026-04-03,Helsinki-East,RapidRoute,Van,329,267,246.7,17,3,83.0,392.81
TRP-0076,2026-08-17,Helsinki-East,NorthLine,Articulated,315,340,276.8,12,0,92.7,339.95
TRP-0077,2026-01-31,Tampere-North,RapidRoute,Van,171,227,138.4,12,2,36.8,167.36
TRP-0078,2026-08-08,Tampere-North,ParcelWay,Articulated,345,473,170.2,35,1,49.1,277.56
TRP-0079,2026-06-15,Turku-Coastal,ParcelWay,Articulated,119,123,25.5,16,2,9.2,70.84
TRP-0080,2026-03-21,Helsinki-East,NorthLine,Van,53,52,222.2,30,0,52.8,264.12
TRP-0081,2026-03-02,Helsinki-East,ParcelWay,Rigid,107,120,89.0,39,2,30.0,146.54
TRP-0082,2026-02-04,Turku-Coastal,ParcelWay,Rigid,393,552,284.2,38,0,94.6,384.89
TRP-0083,2026-06-05,Turku-Coastal,NorthLine,Van,261,217,105.7,30,2,29.8,164.25
TRP-0084,2026-05-12,Turku-Coastal,ParcelWay,Articulated,110,133,247.1,40,3,63.7,309.9
TRP-0085,2026-06-29,Turku-Coastal,RapidRoute,Van,366,412,192.0,29,3,63.7,254.69
TRP-0086,2026-07-04,Turku-Coastal,NorthLine,Rigid,225,282,182.8,21,2,50.2,223.46
TRP-0087,2026-02-08,Turku-Coastal,RapidRoute,Articulated,406,440,213.3,23,1,60.6,394.03
TRP-0088,2026-02-12,Turku-Coastal,NorthLine,Articulated,405,520,236.0,27,3,70.3,225.61
TRP-0089,2026-07-02,Helsinki-East,NorthLine,Articulated,46,41,177.6,33,2,57.7,204.84
TRP-0090,2026-04-22,Tampere-North,ParcelWay,Van,408,427,264.8,13,0,86.3,281.62
TRP-0091,2026-03-31,Helsinki-West,NorthLine,Van,137,190,250.4,18,1,74.9,317.7
TRP-0092,2026-03-03,Oulu-Longhaul,ParcelWay,Van,270,264,159.8,22,0,61.6,305.78
TRP-0093,2026-02-08,Helsinki-East,ParcelWay,Van,67,57,306.4,36,0,108.9,516.84
TRP-0094,2026-05-01,Helsinki-East,RapidRoute,Van,275,242,123.2,39,1,35.9,151.38
TRP-0095,2026-03-20,Helsinki-West,RapidRoute,Van,179,245,265.7,15,1,65.5,327.87
TRP-0096,2026-02-15,Oulu-Longhaul,RapidRoute,Articulated,203,264,239.4,41,0,71.6,270.55
TRP-0097,2026-02-06,Helsinki-East,RapidRoute,Rigid,172,240,96.3,36,0,22.6,150.8
TRP-0098,2026-02-13,Turku-Coastal,RapidRoute,Van,420,357,327.8,8,1,81.2,422.28
TRP-0099,2026-04-28,Helsinki-East,NorthLine,Van,219,201,150.9,25,3,54.1,158.25
TRP-0100,2026-08-27,Helsinki-East,ParcelWay,Van,288,255,186.6,8,3,72.6,292.73
TRP-0101,2026-06-12,Tampere-North,RapidRoute,Van,75,95,65.6,36,2,16.4,101.53
TRP-0102,2026-01-07,Helsinki-West,ParcelWay,Van,175,142,315.1,19,2,81.0,499.19
TRP-0103,2026-01-03,Helsinki-East,ParcelWay,Articulated,199,180,26.8,31,1,6.8,69.12
TRP-0104,2026-07-01,Oulu-Longhaul,RapidRoute,Rigid,366,378,188.3,28,3,58.4,323.09
TRP-0105,2026-06-14,Oulu-Longhaul,ParcelWay,Van,152,180,168.9,25,0,59.0,196.99
TRP-0106,2026-05-05,Helsinki-East,RapidRoute,Rigid,376,391,189.7,22,2,47.2,187.9
TRP-0107,2026-08-25,Tampere-North,RapidRoute,Rigid,257,334,187.2,36,2,61.7,262.99
TRP-0108,2026-08-03,Helsinki-West,RapidRoute,Rigid,285,243,215.6,21,0,52.8,296.46
TRP-0109,2026-08-24,Turku-Coastal,NorthLine,Rigid,74,79,328.8,28,2,107.9,462.49
TRP-0110,2026-06-26,Helsinki-West,ParcelWay,Articulated,318,336,232.3,42,3,70.2,404.02
TRP-0111,2026-04-19,Helsinki-East,RapidRoute,Van,144,168,86.8,30,1,25.0,169.32
TRP-0112,2026-07-08,Oulu-Longhaul,RapidRoute,Articulated,342,361,111.6,26,3,32.1,178.21
TRP-0113,2026-02-17,Helsinki-West,NorthLine,Articulated,308,345,200.9,41,2,47.6,233.68
TRP-0114,2026-01-26,Helsinki-East,RapidRoute,Van,169,223,26.3,38,2,6.8,75.74
TRP-0115,2026-07-26,Oulu-Longhaul,RapidRoute,Van,244,217,78.2,29,1,19.1,122.46
TRP-0116,2026-07-07,Turku-Coastal,NorthLine,Articulated,293,359,113.5,21,0,27.1,160.36
TRP-0117,2026-08-21,Helsinki-East,NorthLine,Articulated,283,349,229.7,36,3,80.6,417.12
TRP-0118,2026-03-09,Helsinki-West,NorthLine,Rigid,256,244,73.9,28,1,28.6,99.36
TRP-0119,2026-06-21,Tampere-North,NorthLine,Articulated,125,100,94.7,16,0,34.6,159.05
TRP-0120,2026-06-07,Tampere-North,RapidRoute,Van,47,53,312.7,22,0,105.3,353.13
TRP-0121,2026-01-22,Helsinki-East,NorthLine,Articulated,142,195,188.4,22,0,60.6,249.99
TRP-0122,2026-05-19,Oulu-Longhaul,RapidRoute,Rigid,313,423,292.3,25,1,89.2,338.47
TRP-0123,2026-07-03,Helsinki-West,NorthLine,Articulated,192,187,280.8,13,3,103.7,329.45
TRP-0124,2026-02-02,Tampere-North,RapidRoute,Articulated,215,236,83.3,29,0,22.1,129.75
TRP-0125,2026-08-16,Helsinki-West,NorthLine,Articulated,253,271,161.4,11,1,58.6,180.0
TRP-0126,2026-04-06,Oulu-Longhaul,RapidRoute,Articulated,341,423,108.6,30,0,26.5,124.31
TRP-0127,2026-01-07,Turku-Coastal,RapidRoute,Articulated,371,375,221.6,12,3,51.2,233.87
TRP-0128,2026-08-20,Helsinki-East,ParcelWay,Rigid,374,405,80.9,38,1,22.0,132.95
TRP-0129,2026-06-05,Turku-Coastal,ParcelWay,Articulated,291,250,69.3,34,2,18.4,146.69
TRP-0130,2026-06-07,Helsinki-West,ParcelWay,Articulated,373,384,161.2,14,2,40.1,294.12
TRP-0131,2026-01-02,Tampere-North,RapidRoute,Van,170,140,133.3,8,1,51.9,260.12
TRP-0132,2026-03-23,Tampere-North,RapidRoute,Van,394,483,102.2,9,3,39.2,182.61
TRP-0133,2026-01-24,Tampere-North,RapidRoute,Van,311,303,306.0,25,0,89.7,331.12
TRP-0134,2026-01-26,Turku-Coastal,ParcelWay,Van,361,447,150.3,12,2,42.4,181.02
TRP-0135,2026-06-23,Tampere-North,NorthLine,Articulated,193,213,245.8,35,3,81.9,243.87
TRP-0136,2026-05-11,Oulu-Longhaul,NorthLine,Rigid,47,52,323.1,42,0,83.7,390.32
TRP-0137,2026-01-29,Helsinki-East,NorthLine,Rigid,116,99,256.4,22,2,88.0,447.86
TRP-0138,2026-06-09,Helsinki-East,ParcelWay,Articulated,93,100,253.5,22,3,82.8,310.31
TRP-0139,2026-01-01,Tampere-North,RapidRoute,Articulated,79,82,328.5,17,3,94.2,463.63
TRP-0140,2026-02-20,Tampere-North,RapidRoute,Van,402,377,176.5,32,0,63.6,236.38
TRP-0141,2026-01-21,Helsinki-West,NorthLine,Articulated,309,431,62.4,10,2,15.7,140.65
TRP-0142,2026-08-23,Helsinki-East,ParcelWay,Van,364,345,284.1,14,2,92.7,412.56
TRP-0143,2026-03-15,Tampere-North,RapidRoute,Van,260,363,155.1,30,3,50.0,205.5
TRP-0144,2026-07-18,Oulu-Longhaul,RapidRoute,Van,225,228,31.4,24,0,7.7,69.95
TRP-0145,2026-07-19,Tampere-North,NorthLine,Van,285,359,171.9,23,3,65.3,274.16
TRP-0146,2026-05-08,Turku-Coastal,ParcelWay,Van,412,369,18.4,24,3,6.1,66.25
TRP-0147,2026-06-09,Helsinki-East,RapidRoute,Van,255,314,48.8,25,3,17.8,97.52
TRP-0148,2026-01-21,Helsinki-East,RapidRoute,Articulated,379,433,84.2,42,2,25.4,110.96
TRP-0149,2026-08-05,Helsinki-West,RapidRoute,Van,273,281,156.1,23,1,39.2,214.77
TRP-0150,2026-08-26,Helsinki-East,ParcelWay,Articulated,123,113,78.1,18,1,22.2,158.84
TRP-0151,2026-02-01,Helsinki-West,RapidRoute,Articulated,178,157,22.6,30,3,8.5,68.34
TRP-0152,2026-03-19,Helsinki-East,ParcelWay,Articulated,82,81,296.2,13,2,109.4,431.52
TRP-0153,2026-02-28,Helsinki-East,ParcelWay,Articulated,193,237,142.9,41,2,37.7,237.87
TRP-0154,2026-05-15,Tampere-North,NorthLine,Articulated,354,282,221.0,33,3,65.4,369.81
TRP-0155,2026-02-22,Oulu-Longhaul,ParcelWay,Van,418,484,25.0,13,3,7.6,63.36
TRP-0156,2026-05-02,Helsinki-East,RapidRoute,Rigid,146,195,310.3,26,3,119.0,535.17
TRP-0157,2026-05-28,Helsinki-East,NorthLine,Van,340,336,301.8,32,2,105.0,538.12
TRP-0158,2026-07-11,Tampere-North,NorthLine,Rigid,340,474,237.2,30,2,54.3,314.19
TRP-0159,2026-01-27,Helsinki-East,NorthLine,Van,201,258,97.7,36,1,25.8,120.45
TRP-0160,2026-05-24,Tampere-North,NorthLine,Van,246,218,178.4,24,3,61.7,264.28
TRP-0161,2026-01-17,Turku-Coastal,NorthLine,Rigid,397,485,227.0,24,2,87.6,417.22
TRP-0162,2026-01-02,Tampere-North,ParcelWay,Rigid,311,441,306.4,41,3,93.9,335.84
TRP-0163,2026-05-28,Tampere-North,ParcelWay,Articulated,69,74,89.2,17,0,26.0,113.8
TRP-0164,2026-04-16,Helsinki-East,RapidRoute,Articulated,401,348,61.5,42,1,20.9,129.54
TRP-0165,2026-02-06,Turku-Coastal,RapidRoute,Rigid,168,213,192.6,30,1,73.4,249.79
TRP-0166,2026-08-04,Helsinki-East,RapidRoute,Rigid,199,187,78.8,24,3,22.1,134.43
TRP-0167,2026-04-24,Helsinki-West,ParcelWay,Articulated,284,351,61.4,41,3,21.4,95.47
TRP-0168,2026-05-28,Oulu-Longhaul,ParcelWay,Van,278,365,95.0,25,1,29.6,183.34
TRP-0169,2026-08-02,Turku-Coastal,ParcelWay,Articulated,173,217,20.3,14,3,6.4,65.58
TRP-0170,2026-05-17,Turku-Coastal,NorthLine,Van,332,302,61.3,34,2,17.2,126.6
TRP-0171,2026-03-28,Oulu-Longhaul,NorthLine,Articulated,198,172,44.3,36,1,11.9,107.32
TRP-0172,2026-04-07,Helsinki-West,NorthLine,Articulated,223,312,172.2,22,3,42.0,235.35
TRP-0173,2026-04-24,Tampere-North,ParcelWay,Rigid,162,219,64.9,15,0,20.9,118.85
TRP-0174,2026-06-17,Helsinki-West,RapidRoute,Articulated,294,238,186.2,30,1,59.3,319.77
TRP-0175,2026-05-10,Helsinki-East,NorthLine,Articulated,411,472,178.7,20,2,62.8,296.48
TRP-0176,2026-04-20,Tampere-North,NorthLine,Articulated,199,196,167.3,15,1,37.5,234.49
TRP-0177,2026-04-20,Oulu-Longhaul,ParcelWay,Rigid,278,323,321.5,26,2,74.6,400.77
TRP-0178,2026-05-15,Tampere-North,NorthLine,Van,204,268,175.6,32,3,57.2,237.01
TRP-0179,2026-01-15,Helsinki-East,NorthLine,Rigid,324,452,160.3,24,0,58.8,217.83
TRP-0180,2026-02-11,Tampere-North,NorthLine,Articulated,357,501,25.7,41,1,6.6,76.61
TRP-0181,2026-07-16,Tampere-North,ParcelWay,Rigid,414,327,291.1,40,2,101.5,410.3
TRP-0182,2026-02-20,Helsinki-East,ParcelWay,Rigid,270,231,101.4,12,0,27.3,203.38
TRP-0183,2026-01-11,Tampere-North,RapidRoute,Articulated,268,244,57.9,36,3,19.6,87.53
TRP-0184,2026-02-27,Oulu-Longhaul,ParcelWay,Articulated,396,331,214.7,13,0,72.0,325.59
TRP-0185,2026-05-19,Helsinki-West,ParcelWay,Rigid,295,295,261.4,11,1,82.5,425.78
TRP-0186,2026-07-22,Helsinki-West,RapidRoute,Articulated,212,207,31.5,15,0,9.9,76.46
TRP-0187,2026-07-22,Turku-Coastal,RapidRoute,Rigid,240,239,303.7,20,2,99.9,289.35
TRP-0188,2026-04-05,Helsinki-West,RapidRoute,Rigid,319,376,171.9,28,3,53.1,278.89
TRP-0189,2026-02-19,Helsinki-East,ParcelWay,Rigid,379,445,171.8,42,0,53.3,302.84
TRP-0190,2026-07-26,Helsinki-East,RapidRoute,Van,92,105,60.4,22,1,22.3,128.43
TRP-0191,2026-08-05,Oulu-Longhaul,NorthLine,Articulated,117,157,118.0,8,0,38.1,187.27
TRP-0192,2026-04-27,Turku-Coastal,ParcelWay,Articulated,222,185,92.4,13,2,25.2,183.56
TRP-0193,2026-01-29,Turku-Coastal,RapidRoute,Van,111,125,76.0,29,1,24.4,99.79
TRP-0194,2026-01-16,Helsinki-East,RapidRoute,Van,156,145,113.3,32,2,43.9,155.18
TRP-0195,2026-02-06,Oulu-Longhaul,NorthLine,Van,142,185,130.6,31,0,49.5,182.98
TRP-0196,2026-05-19,Helsinki-West,RapidRoute,Van,419,375,312.8,41,3,81.6,419.01
TRP-0197,2026-04-10,Helsinki-West,RapidRoute,Articulated,105,135,215.9,14,2,70.2,235.33
TRP-0198,2026-02-03,Oulu-Longhaul,RapidRoute,Rigid,214,188,56.5,32,1,21.0,104.14
TRP-0199,2026-04-30,Helsinki-East,RapidRoute,Van,270,234,299.9,42,3,94.0,536.53
TRP-0200,2026-07-12,Helsinki-East,NorthLine,Rigid,308,386,322.2,24,1,115.2,352.62
TRP-0201,2026-04-04,Helsinki-West,RapidRoute,Rigid,144,119,296.0,26,0,106.4,273.03
TRP-0202,2026-08-15,Helsinki-East,RapidRoute,Van,400,530,260.6,26,0,84.2,438.53
TRP-0203,2026-01-14,Helsinki-East,NorthLine,Van,149,160,50.3,12,1,18.4,118.01
TRP-0204,2026-06-07,Helsinki-East,NorthLine,Van,279,239,300.5,34,2,69.3,464.59
TRP-0205,2026-06-24,Helsinki-West,NorthLine,Articulated,134,189,195.5,37,1,61.1,332.97
TRP-0206,2026-07-29,Turku-Coastal,NorthLine,Van,187,253,35.7,9,1,13.0,81.91
TRP-0207,2026-06-28,Helsinki-West,NorthLine,Articulated,336,324,91.3,21,0,25.3,124.79
TRP-0208,2026-01-15,Turku-Coastal,NorthLine,Articulated,247,313,77.4,40,2,18.7,128.45
TRP-0209,2026-05-23,Helsinki-West,RapidRoute,Rigid,395,390,163.5,42,3,53.4,251.13
TRP-0210,2026-02-18,Helsinki-West,NorthLine,Rigid,76,104,60.3,11,1,17.0,132.92
TRP-0211,2026-08-24,Oulu-Longhaul,RapidRoute,Articulated,67,67,158.4,42,1,59.0,184.85
TRP-0212,2026-03-30,Helsinki-East,RapidRoute,Van,232,317,302.3,34,2,111.5,413.52
TRP-0213,2026-05-23,Helsinki-East,ParcelWay,Articulated,50,67,148.8,16,0,38.9,172.17
TRP-0214,2026-06-13,Helsinki-East,NorthLine,Rigid,370,312,86.6,41,1,33.0,182.1
TRP-0215,2026-04-08,Helsinki-East,ParcelWay,Rigid,249,209,71.2,23,0,24.0,131.86
TRP-0216,2026-07-22,Oulu-Longhaul,NorthLine,Rigid,52,64,229.1,33,0,70.1,254.92
TRP-0217,2026-05-13,Tampere-North,NorthLine,Van,118,124,137.3,42,2,33.9,164.78
TRP-0218,2026-01-17,Helsinki-West,ParcelWay,Articulated,173,147,221.2,36,1,73.0,318.49
TRP-0219,2026-03-20,Oulu-Longhaul,RapidRoute,Van,252,334,74.6,22,2,20.5,119.81
TRP-0220,2026-07-25,Helsinki-West,RapidRoute,Articulated,387,529,111.9,16,2,34.3,183.44
TRP-0221,2026-01-09,Helsinki-West,ParcelWay,Articulated,321,314,224.9,35,0,61.5,242.2
TRP-0222,2026-04-11,Tampere-North,RapidRoute,Rigid,211,179,252.9,28,1,78.6,464.45
TRP-0223,2026-04-18,Helsinki-East,ParcelWay,Van,147,174,233.0,23,3,55.2,399.04
TRP-0224,2026-01-14,Tampere-North,NorthLine,Articulated,356,382,58.6,20,0,15.3,123.75
TRP-0225,2026-06-10,Oulu-Longhaul,RapidRoute,Van,408,513,329.2,11,2,90.8,405.97
TRP-0226,2026-08-03,Helsinki-East,RapidRoute,Van,169,225,262.9,34,3,96.8,328.53
TRP-0227,2026-01-13,Helsinki-East,NorthLine,Van,268,213,167.8,11,3,58.4,216.46
TRP-0228,2026-04-11,Tampere-North,ParcelWay,Van,132,124,326.9,24,0,86.5,312.26
TRP-0229,2026-02-22,Tampere-North,ParcelWay,Van,75,95,274.5,36,1,78.4,311.83
TRP-0230,2026-04-27,Tampere-North,NorthLine,Rigid,161,219,157.6,23,0,35.8,171.71
TRP-0231,2026-04-03,Turku-Coastal,RapidRoute,Articulated,419,481,51.6,38,2,15.1,97.65
TRP-0232,2026-04-05,Oulu-Longhaul,RapidRoute,Rigid,112,120,28.1,10,1,7.6,79.45
TRP-0233,2026-04-19,Helsinki-West,ParcelWay,Rigid,71,85,152.2,20,0,41.0,282.02
TRP-0234,2026-03-18,Turku-Coastal,RapidRoute,Van,315,419,132.0,17,2,43.9,219.79
TRP-0235,2026-05-16,Helsinki-East,ParcelWay,Articulated,326,451,227.8,30,3,74.4,351.71
TRP-0236,2026-07-19,Turku-Coastal,ParcelWay,Rigid,299,284,138.5,13,1,37.1,231.73
TRP-0237,2026-08-06,Oulu-Longhaul,RapidRoute,Rigid,236,257,137.4,25,2,36.0,201.05
TRP-0238,2026-03-27,Turku-Coastal,ParcelWay,Van,283,395,42.7,38,3,16.6,100.05
TRP-0239,2026-07-17,Oulu-Longhaul,ParcelWay,Rigid,319,316,318.9,18,0,103.7,540.52
TRP-0240,2026-06-11,Turku-Coastal,NorthLine,Van,212,202,104.9,35,1,39.7,201.73
TRP-0241,2026-07-16,Helsinki-West,RapidRoute,Articulated,233,303,187.9,17,2,64.3,234.49
TRP-0242,2026-08-17,Tampere-North,NorthLine,Van,166,173,125.6,35,2,32.3,238.21
TRP-0243,2026-08-07,Helsinki-West,NorthLine,Articulated,365,515,76.6,34,0,26.7,121.59
TRP-0244,2026-08-13,Tampere-North,RapidRoute,Van,225,293,67.7,20,3,16.4,93.03
TRP-0245,2026-06-07,Tampere-North,ParcelWay,Articulated,231,254,290.1,38,3,94.7,499.13
TRP-0246,2026-01-02,Helsinki-West,ParcelWay,Rigid,155,163,296.7,10,3,93.0,455.18
TRP-0247,2026-05-11,Helsinki-West,NorthLine,Articulated,266,254,176.6,33,3,62.8,217.71
TRP-0248,2026-04-13,Oulu-Longhaul,NorthLine,Articulated,77,89,108.9,32,2,33.6,216.97
TRP-0249,2026-07-13,Helsinki-West,RapidRoute,Articulated,79,71,88.0,10,3,30.8,157.8
TRP-0250,2026-06-06,Turku-Coastal,RapidRoute,Articulated,404,526,102.9,11,0,26.9,164.33
TRP-0251,2026-04-10,Turku-Coastal,RapidRoute,Articulated,144,137,81.2,34,0,26.0,171.81
TRP-0252,2026-07-09,Tampere-North,RapidRoute,Articulated,149,138,80.4,36,3,18.2,167.51
TRP-0253,2026-02-06,Helsinki-West,NorthLine,Rigid,204,263,310.1,26,0,80.4,387.77
TRP-0254,2026-03-25,Turku-Coastal,RapidRoute,Van,274,337,22.5,35,0,8.0,68.99
TRP-0255,2026-06-27,Helsinki-West,NorthLine,Articulated,288,275,187.3,30,1,63.0,235.97
TRP-0256,2026-05-10,Tampere-North,RapidRoute,Van,97,99,130.5,42,0,31.9,163.71
TRP-0257,2026-06-12,Helsinki-West,ParcelWay,Rigid,191,234,87.9,29,1,24.2,131.88
TRP-0258,2026-01-23,Tampere-North,NorthLine,Articulated,242,228,79.7,21,3,26.6,133.38
TRP-0259,2026-03-14,Oulu-Longhaul,NorthLine,Rigid,400,375,91.6,41,3,21.3,128.63
TRP-0260,2026-01-01,Helsinki-West,ParcelWay,Articulated,205,161,61.1,27,1,13.5,128.17
TRP-0261,2026-06-30,Oulu-Longhaul,NorthLine,Rigid,323,424,316.9,9,0,83.2,515.88
TRP-0262,2026-06-04,Helsinki-West,NorthLine,Rigid,400,457,227.2,9,1,59.1,249.51
TRP-0263,2026-05-21,Helsinki-East,NorthLine,Articulated,99,133,269.7,25,3,61.7,469.36
TRP-0264,2026-02-11,Oulu-Longhaul,RapidRoute,Rigid,197,224,206.0,26,1,55.3,221.31
TRP-0265,2026-06-16,Turku-Coastal,NorthLine,Articulated,158,191,312.4,32,3,94.9,546.85
TRP-0266,2026-07-23,Helsinki-East,ParcelWay,Articulated,286,334,109.2,21,1,39.8,192.33
TRP-0267,2026-01-18,Oulu-Longhaul,ParcelWay,Rigid,78,104,129.3,28,0,35.7,140.71
TRP-0268,2026-08-27,Helsinki-West,RapidRoute,Rigid,340,283,81.7,35,0,25.3,170.25
TRP-0269,2026-02-12,Oulu-Longhaul,NorthLine,Articulated,285,326,79.1,20,0,26.9,142.58
TRP-0270,2026-04-02,Helsinki-West,ParcelWay,Van,150,204,172.4,21,3,49.0,177.71
TRP-0271,2026-03-28,Oulu-Longhaul,RapidRoute,Rigid,335,389,316.1,36,3,76.1,386.93
TRP-0272,2026-05-06,Helsinki-West,NorthLine,Van,244,282,168.1,14,0,54.5,313.39
TRP-0273,2026-07-17,Helsinki-West,RapidRoute,Van,150,205,317.6,9,0,97.3,416.61
TRP-0274,2026-02-13,Helsinki-East,ParcelWay,Articulated,118,112,233.9,36,2,54.5,308.68
TRP-0275,2026-07-28,Helsinki-East,ParcelWay,Rigid,315,257,133.4,35,0,46.5,220.18
TRP-0276,2026-04-21,Helsinki-West,NorthLine,Van,218,286,209.9,16,1,54.5,292.01
TRP-0277,2026-04-26,Helsinki-West,NorthLine,Van,118,104,126.3,41,2,33.2,137.75
TRP-0278,2026-07-09,Oulu-Longhaul,NorthLine,Van,58,56,241.4,31,0,80.5,389.05
TRP-0279,2026-01-01,Turku-Coastal,RapidRoute,Van,224,187,297.5,32,0,85.1,375.48
TRP-0280,2026-03-20,Turku-Coastal,NorthLine,Van,81,108,69.6,22,2,24.3,105.29
TRP-0281,2026-06-11,Turku-Coastal,RapidRoute,Rigid,200,229,126.1,12,3,42.2,225.12
TRP-0282,2026-06-10,Oulu-Longhaul,RapidRoute,Van,367,393,279.3,18,2,76.7,457.14
TRP-0283,2026-01-13,Oulu-Longhaul,NorthLine,Articulated,195,205,103.1,10,0,32.0,201.09
TRP-0284,2026-05-07,Helsinki-West,ParcelWay,Van,178,178,282.4,26,1,105.4,480.99
TRP-0285,2026-01-10,Helsinki-West,RapidRoute,Articulated,197,240,209.9,30,3,76.0,297.14
TRP-0286,2026-04-02,Helsinki-East,NorthLine,Articulated,199,233,122.9,17,0,29.7,197.71
TRP-0287,2026-01-06,Helsinki-East,ParcelWay,Van,414,374,213.1,36,2,49.1,241.33
TRP-0288,2026-03-02,Turku-Coastal,RapidRoute,Rigid,103,82,57.2,26,0,18.6,88.15
TRP-0289,2026-01-15,Oulu-Longhaul,ParcelWay,Van,260,290,135.1,28,2,41.7,195.64
TRP-0290,2026-02-22,Helsinki-East,NorthLine,Rigid,65,83,264.1,35,0,71.5,315.4
TRP-0291,2026-06-02,Tampere-North,RapidRoute,Rigid,100,130,222.8,20,0,49.9,250.92
TRP-0292,2026-01-25,Helsinki-West,ParcelWay,Rigid,108,114,194.8,10,3,58.1,204.56
TRP-0293,2026-01-12,Helsinki-East,NorthLine,Van,377,511,172.6,42,2,56.0,325.59
TRP-0294,2026-01-27,Turku-Coastal,RapidRoute,Articulated,131,154,290.4,9,0,68.7,294.56
TRP-0295,2026-04-13,Oulu-Longhaul,RapidRoute,Rigid,117,107,200.1,37,1,53.1,199.34
TRP-0296,2026-06-13,Oulu-Longhaul,NorthLine,Rigid,193,246,90.3,13,1,27.9,107.73
TRP-0297,2026-06-12,Helsinki-East,NorthLine,Rigid,92,127,187.1,12,1,58.9,279.4
TRP-0298,2026-05-09,Helsinki-East,NorthLine,Articulated,386,440,78.6,42,3,29.5,136.58
TRP-0299,2026-08-15,Helsinki-East,RapidRoute,Articulated,164,152,228.9,33,0,65.9,278.41
TRP-0300,2026-02-05,Helsinki-East,RapidRoute,Van,282,373,140.3,36,0,51.8,191.52
