SnapshotDate,Warehouse,SKU,Category,OnHandUnits,AvgDailyDemand,LeadTimeDays,InventoryAgeDays,UnitCostEUR,ReorderPointUnits
2026-01-01,Helsinki DC,SKU-001,Consumables,75,17.4,6,80,255.08,157
2026-01-01,Helsinki DC,SKU-002,Apparel,501,17.0,12,194,199.96,255
2026-01-01,Helsinki DC,SKU-003,Apparel,325,3.5,9,157,269.48,42
2026-01-01,Helsinki DC,SKU-004,Home,478,5.4,9,109,95.05,65
2026-01-01,Helsinki DC,SKU-005,Home,550,9.0,4,43,170.96,63
2026-01-01,Helsinki DC,SKU-006,Electronics,264,12.2,10,62,99.36,159
2026-01-01,Helsinki DC,SKU-007,Apparel,104,3.4,14,143,167.69,58
2026-01-01,Helsinki DC,SKU-008,Electronics,16,9.0,3,59,223.86,54
2026-01-01,Helsinki DC,SKU-009,Consumables,379,3.0,14,4,88.45,51
2026-01-01,Helsinki DC,SKU-010,Apparel,402,15.8,19,148,188.21,348
2026-01-01,Helsinki DC,SKU-011,Consumables,274,9.0,7,34,4.44,90
2026-01-01,Helsinki DC,SKU-012,Packaging,442,9.8,6,212,183.23,88
2026-01-01,Helsinki DC,SKU-013,Consumables,367,7.5,21,53,151.4,180
2026-01-01,Helsinki DC,SKU-014,Apparel,232,13.8,15,101,272.61,248
2026-01-01,Helsinki DC,SKU-015,Home,179,16.5,14,140,268.67,280
2026-01-01,Helsinki DC,SKU-016,Home,168,7.3,16,34,154.61,139
2026-01-01,Helsinki DC,SKU-017,Packaging,419,14.2,18,119,58.22,298
2026-01-01,Helsinki DC,SKU-018,Home,451,5.7,6,60,135.94,51
2026-01-01,Helsinki DC,SKU-019,Packaging,93,14.4,12,62,49.71,216
2026-01-01,Helsinki DC,SKU-020,Packaging,126,4.8,6,181,183.83,43
2026-01-01,Helsinki DC,SKU-021,Electronics,79,2.1,4,28,314.75,15
2026-01-01,Helsinki DC,SKU-022,Packaging,236,2.3,14,202,77.89,39
2026-01-01,Helsinki DC,SKU-023,Home,220,4.2,15,94,313.76,76
2026-01-01,Helsinki DC,SKU-024,Home,63,7.5,18,51,121.78,158
2026-01-01,Helsinki DC,SKU-025,Packaging,374,1.7,16,218,72.97,32
2026-01-01,Helsinki DC,SKU-026,Packaging,373,7.5,18,171,259.93,158
2026-01-01,Helsinki DC,SKU-027,Packaging,360,7.2,14,191,154.9,122
2026-01-01,Helsinki DC,SKU-028,Consumables,141,6.5,2,91,183.93,32
2026-01-01,Helsinki DC,SKU-029,Consumables,142,15.0,10,71,29.53,195
2026-01-01,Helsinki DC,SKU-030,Home,495,10.9,20,106,132.97,251
2026-01-01,Tampere DC,SKU-001,Home,26,8.3,11,96,290.15,116
2026-01-01,Tampere DC,SKU-002,Home,226,0.9,16,180,112.25,17
2026-01-01,Tampere DC,SKU-003,Consumables,443,17.6,14,107,33.8,299
2026-01-01,Tampere DC,SKU-004,Electronics,316,4.4,15,66,286.92,79
2026-01-01,Tampere DC,SKU-005,Home,495,1.8,2,171,35.32,9
2026-01-01,Tampere DC,SKU-006,Consumables,204,0.6,6,108,293.04,5
2026-01-01,Tampere DC,SKU-007,Consumables,542,5.8,13,181,300.63,93
2026-01-01,Tampere DC,SKU-008,Electronics,3,11.0,2,204,259.22,55
2026-01-01,Tampere DC,SKU-009,Apparel,70,15.6,20,178,151.99,359
2026-01-01,Tampere DC,SKU-010,Home,68,15.6,9,73,222.29,187
2026-01-01,Tampere DC,SKU-011,Consumables,424,6.9,16,39,211.61,131
2026-01-01,Tampere DC,SKU-012,Consumables,148,11.9,3,169,79.35,71
2026-01-01,Tampere DC,SKU-013,Apparel,113,15.2,16,33,242.83,289
2026-01-01,Tampere DC,SKU-014,Packaging,168,15.0,3,79,119.69,90
2026-01-01,Tampere DC,SKU-015,Home,479,11.9,13,71,221.03,190
2026-01-01,Tampere DC,SKU-016,Packaging,530,5.8,2,204,2.54,29
2026-01-01,Tampere DC,SKU-017,Consumables,353,3.4,19,48,9.42,75
2026-01-01,Tampere DC,SKU-018,Electronics,26,7.6,15,36,24.46,137
2026-01-01,Tampere DC,SKU-019,Apparel,260,1.1,13,81,173.07,18
2026-01-01,Tampere DC,SKU-020,Home,105,9.4,11,182,188.83,132
2026-01-01,Tampere DC,SKU-021,Apparel,443,8.1,5,101,259.84,65
2026-01-01,Tampere DC,SKU-022,Apparel,390,1.6,15,114,142.76,29
2026-01-01,Tampere DC,SKU-023,Apparel,484,12.6,17,190,268.3,252
2026-01-01,Tampere DC,SKU-024,Packaging,255,16.4,9,33,190.96,197
2026-01-01,Tampere DC,SKU-025,Home,182,8.7,18,76,193.98,183
2026-01-01,Tampere DC,SKU-026,Home,113,8.0,5,4,32.84,64
2026-01-01,Tampere DC,SKU-027,Electronics,309,2.7,15,191,241.89,49
2026-01-01,Tampere DC,SKU-028,Consumables,518,9.8,3,48,271.65,59
2026-01-01,Tampere DC,SKU-029,Home,540,7.2,3,203,294.9,43
2026-01-01,Tampere DC,SKU-030,Consumables,440,10.7,17,33,281.83,214
2026-01-01,Turku DC,SKU-001,Electronics,430,15.5,16,15,238.46,294
2026-01-01,Turku DC,SKU-002,Home,204,1.8,16,131,265.65,34
2026-01-01,Turku DC,SKU-003,Electronics,90,14.9,15,19,70.52,268
2026-01-01,Turku DC,SKU-004,Electronics,26,4.3,4,169,165.83,30
2026-01-01,Turku DC,SKU-005,Apparel,284,8.4,13,66,262.81,134
2026-01-01,Turku DC,SKU-006,Packaging,501,6.2,18,97,163.03,130
2026-01-01,Turku DC,SKU-007,Electronics,446,16.3,6,49,100.94,147
2026-01-01,Turku DC,SKU-008,Packaging,49,2.5,2,129,166.17,12
2026-01-01,Turku DC,SKU-009,Electronics,196,8.0,16,151,152.64,152
2026-01-01,Turku DC,SKU-010,Apparel,480,1.1,21,164,262.21,26
2026-01-01,Turku DC,SKU-011,Home,502,6.7,7,5,204.77,67
2026-01-01,Turku DC,SKU-012,Home,139,0.7,15,14,217.28,13
2026-01-01,Turku DC,SKU-013,Electronics,499,13.3,8,211,167.26,146
2026-01-01,Turku DC,SKU-014,Consumables,278,11.1,20,72,41.44,255
2026-01-01,Turku DC,SKU-015,Packaging,14,7.3,6,209,157.21,66
2026-01-01,Turku DC,SKU-016,Apparel,353,5.4,15,60,157.59,97
2026-01-01,Turku DC,SKU-017,Apparel,67,10.3,21,112,46.18,247
2026-01-01,Turku DC,SKU-018,Packaging,26,15.6,12,214,256.12,234
2026-01-01,Turku DC,SKU-019,Home,270,10.9,5,72,125.8,87
2026-01-01,Turku DC,SKU-020,Apparel,258,13.3,14,50,104.92,226
2026-01-01,Turku DC,SKU-021,Packaging,479,3.5,5,154,192.16,28
2026-01-01,Turku DC,SKU-022,Packaging,189,14.9,19,88,160.96,328
2026-01-01,Turku DC,SKU-023,Consumables,91,9.2,18,112,236.36,193
2026-01-01,Turku DC,SKU-024,Apparel,509,16.0,21,86,154.17,384
2026-01-01,Turku DC,SKU-025,Consumables,95,2.1,5,98,197.93,17
2026-01-01,Turku DC,SKU-026,Apparel,504,1.1,9,190,121.71,13
2026-01-01,Turku DC,SKU-027,Electronics,116,10.7,18,61,165.38,225
2026-01-01,Turku DC,SKU-028,Consumables,231,14.5,15,96,286.99,261
2026-01-01,Turku DC,SKU-029,Packaging,1,11.7,14,20,232.84,199
2026-01-01,Turku DC,SKU-030,Apparel,402,0.8,15,38,247.21,14
2026-01-01,Oulu DC,SKU-001,Apparel,155,8.8,15,56,89.68,158
2026-01-01,Oulu DC,SKU-002,Packaging,314,14.8,3,196,95.69,89
2026-01-01,Oulu DC,SKU-003,Home,95,13.6,5,181,203.63,109
2026-01-01,Oulu DC,SKU-004,Home,412,11.7,10,23,183.94,152
2026-01-01,Oulu DC,SKU-005,Packaging,492,5.2,15,112,233.35,94
2026-01-01,Oulu DC,SKU-006,Packaging,398,6.8,5,99,298.94,54
2026-01-01,Oulu DC,SKU-007,Home,537,4.6,11,169,229.92,64
2026-01-01,Oulu DC,SKU-008,Consumables,64,9.5,18,118,205.67,200
2026-01-01,Oulu DC,SKU-009,Home,510,12.7,19,130,163.74,279
2026-01-01,Oulu DC,SKU-010,Consumables,47,15.0,5,178,179.07,120
2026-01-01,Oulu DC,SKU-011,Consumables,159,10.8,17,171,65.96,216
2026-01-01,Oulu DC,SKU-012,Packaging,105,16.2,16,73,150.66,308
2026-01-01,Oulu DC,SKU-013,Electronics,239,12.2,10,51,246.47,159
2026-01-01,Oulu DC,SKU-014,Packaging,505,12.2,13,115,249.19,195
2026-01-01,Oulu DC,SKU-015,Apparel,36,0.8,18,220,104.99,17
2026-01-01,Oulu DC,SKU-016,Consumables,178,6.1,8,15,225.96,67
2026-01-01,Oulu DC,SKU-017,Apparel,440,16.9,2,6,120.1,84
2026-01-01,Oulu DC,SKU-018,Apparel,279,13.1,9,167,82.6,157
2026-01-01,Oulu DC,SKU-019,Electronics,361,9.2,5,121,235.17,74
2026-01-01,Oulu DC,SKU-020,Packaging,423,11.0,10,183,274.68,143
2026-01-01,Oulu DC,SKU-021,Home,337,0.8,8,83,240.2,9
2026-01-01,Oulu DC,SKU-022,Packaging,329,5.9,18,8,229.29,124
2026-01-01,Oulu DC,SKU-023,Packaging,26,7.8,5,164,246.57,62
2026-01-01,Oulu DC,SKU-024,Electronics,123,17.5,10,151,102.48,228
2026-01-01,Oulu DC,SKU-025,Electronics,513,1.7,14,131,229.54,29
2026-01-01,Oulu DC,SKU-026,Home,516,16.5,4,151,45.32,116
2026-01-01,Oulu DC,SKU-027,Apparel,209,1.8,8,36,57.02,20
2026-01-01,Oulu DC,SKU-028,Consumables,18,6.5,4,11,307.44,46
2026-01-01,Oulu DC,SKU-029,Electronics,367,10.0,17,76,200.97,200
2026-01-01,Oulu DC,SKU-030,Packaging,383,6.7,6,124,139.51,60
2026-02-01,Helsinki DC,SKU-001,Consumables,295,4.4,20,106,216.22,101
2026-02-01,Helsinki DC,SKU-002,Apparel,313,10.8,18,149,70.17,227
2026-02-01,Helsinki DC,SKU-003,Apparel,422,8.0,4,133,212.1,56
2026-02-01,Helsinki DC,SKU-004,Apparel,246,9.4,3,108,115.9,56
2026-02-01,Helsinki DC,SKU-005,Packaging,46,8.2,12,112,205.65,123
2026-02-01,Helsinki DC,SKU-006,Apparel,325,2.2,19,167,253.09,48
2026-02-01,Helsinki DC,SKU-007,Packaging,318,15.2,20,163,115.25,350
2026-02-01,Helsinki DC,SKU-008,Packaging,473,15.2,10,16,283.75,198
2026-02-01,Helsinki DC,SKU-009,Packaging,4,5.0,4,122,224.4,35
2026-02-01,Helsinki DC,SKU-010,Home,250,15.8,17,10,301.42,316
2026-02-01,Helsinki DC,SKU-011,Electronics,373,17.8,17,123,236.75,356
2026-02-01,Helsinki DC,SKU-012,Electronics,162,9.4,17,158,57.05,188
2026-02-01,Helsinki DC,SKU-013,Home,522,3.3,8,141,117.07,36
2026-02-01,Helsinki DC,SKU-014,Apparel,472,12.5,3,158,164.73,75
2026-02-01,Helsinki DC,SKU-015,Consumables,422,4.0,16,104,240.4,76
2026-02-01,Helsinki DC,SKU-016,Electronics,162,7.0,18,108,140.82,147
2026-02-01,Helsinki DC,SKU-017,Packaging,73,14.2,3,197,296.79,85
2026-02-01,Helsinki DC,SKU-018,Home,526,7.0,7,220,25.82,70
2026-02-01,Helsinki DC,SKU-019,Packaging,390,4.6,11,18,307.76,64
2026-02-01,Helsinki DC,SKU-020,Consumables,212,2.2,10,24,296.04,29
2026-02-01,Helsinki DC,SKU-021,Packaging,310,11.7,4,193,39.47,82
2026-02-01,Helsinki DC,SKU-022,Consumables,502,15.8,18,187,296.36,332
2026-02-01,Helsinki DC,SKU-023,Packaging,396,2.7,16,11,120.88,51
2026-02-01,Helsinki DC,SKU-024,Home,43,12.9,10,52,83.36,168
2026-02-01,Helsinki DC,SKU-025,Consumables,317,8.4,19,180,300.87,185
2026-02-01,Helsinki DC,SKU-026,Home,442,15.8,15,117,58.74,284
2026-02-01,Helsinki DC,SKU-027,Apparel,386,16.9,11,105,206.2,237
2026-02-01,Helsinki DC,SKU-028,Apparel,222,8.0,17,189,304.03,160
2026-02-01,Helsinki DC,SKU-029,Electronics,389,12.6,18,142,250.07,265
2026-02-01,Helsinki DC,SKU-030,Home,511,5.6,19,140,232.09,123
2026-02-01,Tampere DC,SKU-001,Home,122,6.5,7,43,21.24,65
2026-02-01,Tampere DC,SKU-002,Electronics,120,13.3,5,151,267.15,106
2026-02-01,Tampere DC,SKU-003,Packaging,441,10.0,7,106,34.04,100
2026-02-01,Tampere DC,SKU-004,Consumables,526,1.3,14,46,19.34,22
2026-02-01,Tampere DC,SKU-005,Packaging,508,10.2,14,47,151.25,173
2026-02-01,Tampere DC,SKU-006,Consumables,440,1.7,8,218,307.37,19
2026-02-01,Tampere DC,SKU-007,Apparel,293,8.4,13,12,270.2,134
2026-02-01,Tampere DC,SKU-008,Home,533,11.9,2,198,253.05,60
2026-02-01,Tampere DC,SKU-009,Packaging,433,4.5,2,208,268.85,22
2026-02-01,Tampere DC,SKU-010,Home,324,12.3,13,57,132.04,197
2026-02-01,Tampere DC,SKU-011,Packaging,391,7.1,13,185,191.59,114
2026-02-01,Tampere DC,SKU-012,Packaging,54,15.1,21,77,55.57,362
2026-02-01,Tampere DC,SKU-013,Packaging,13,6.5,8,151,109.76,72
2026-02-01,Tampere DC,SKU-014,Apparel,66,1.8,9,57,79.45,22
2026-02-01,Tampere DC,SKU-015,Apparel,130,1.1,13,12,8.28,18
2026-02-01,Tampere DC,SKU-016,Electronics,508,9.3,11,52,174.77,130
2026-02-01,Tampere DC,SKU-017,Apparel,133,11.8,7,140,270.11,118
2026-02-01,Tampere DC,SKU-018,Electronics,28,16.4,12,131,278.69,246
2026-02-01,Tampere DC,SKU-019,Home,69,2.7,10,191,145.17,35
2026-02-01,Tampere DC,SKU-020,Home,66,5.2,12,166,291.91,78
2026-02-01,Tampere DC,SKU-021,Electronics,206,1.7,11,35,285.57,24
2026-02-01,Tampere DC,SKU-022,Home,410,2.6,4,171,266.39,18
2026-02-01,Tampere DC,SKU-023,Packaging,210,6.0,12,13,185.35,90
2026-02-01,Tampere DC,SKU-024,Home,517,13.2,11,158,191.23,185
2026-02-01,Tampere DC,SKU-025,Consumables,506,15.3,6,164,203.88,138
2026-02-01,Tampere DC,SKU-026,Electronics,468,17.1,3,4,190.77,103
2026-02-01,Tampere DC,SKU-027,Electronics,409,17.9,11,169,224.06,251
2026-02-01,Tampere DC,SKU-028,Packaging,411,10.9,11,94,247.2,153
2026-02-01,Tampere DC,SKU-029,Apparel,508,4.2,2,165,198.89,21
2026-02-01,Tampere DC,SKU-030,Apparel,197,5.4,3,170,175.92,32
2026-02-01,Turku DC,SKU-001,Consumables,202,17.8,14,103,271.36,303
2026-02-01,Turku DC,SKU-002,Electronics,514,8.2,11,118,301.69,115
2026-02-01,Turku DC,SKU-003,Packaging,107,15.4,9,115,230.64,185
2026-02-01,Turku DC,SKU-004,Consumables,344,7.0,21,178,43.62,168
2026-02-01,Turku DC,SKU-005,Apparel,295,6.5,15,148,305.19,117
2026-02-01,Turku DC,SKU-006,Consumables,542,14.1,4,12,28.11,99
2026-02-01,Turku DC,SKU-007,Packaging,365,12.9,7,37,285.27,129
2026-02-01,Turku DC,SKU-008,Packaging,492,5.9,4,217,54.54,41
2026-02-01,Turku DC,SKU-009,Electronics,426,12.3,5,5,246.15,98
2026-02-01,Turku DC,SKU-010,Electronics,451,9.8,8,150,136.59,108
2026-02-01,Turku DC,SKU-011,Consumables,26,17.5,6,107,264.38,158
2026-02-01,Turku DC,SKU-012,Packaging,165,10.9,5,53,247.7,87
2026-02-01,Turku DC,SKU-013,Electronics,334,8.0,19,48,135.83,176
2026-02-01,Turku DC,SKU-014,Electronics,19,3.9,7,5,33.71,39
2026-02-01,Turku DC,SKU-015,Apparel,344,6.3,12,58,119.14,94
2026-02-01,Turku DC,SKU-016,Home,511,0.5,8,144,173.51,6
2026-02-01,Turku DC,SKU-017,Home,299,4.3,17,82,227.54,86
2026-02-01,Turku DC,SKU-018,Electronics,11,1.7,8,10,312.13,19
2026-02-01,Turku DC,SKU-019,Electronics,235,1.5,17,207,94.94,30
2026-02-01,Turku DC,SKU-020,Packaging,442,6.4,5,201,315.74,51
2026-02-01,Turku DC,SKU-021,Apparel,240,4.2,19,8,104.42,92
2026-02-01,Turku DC,SKU-022,Consumables,153,11.8,20,170,167.33,271
2026-02-01,Turku DC,SKU-023,Apparel,492,12.6,7,220,186.91,126
2026-02-01,Turku DC,SKU-024,Home,353,2.0,12,32,183.06,30
2026-02-01,Turku DC,SKU-025,Packaging,529,1.3,17,47,219.54,26
2026-02-01,Turku DC,SKU-026,Packaging,272,11.3,8,160,43.25,124
2026-02-01,Turku DC,SKU-027,Consumables,250,12.5,6,43,108.47,112
2026-02-01,Turku DC,SKU-028,Packaging,540,9.6,19,131,308.79,211
2026-02-01,Turku DC,SKU-029,Electronics,37,3.2,19,162,54.47,70
2026-02-01,Turku DC,SKU-030,Home,389,8.1,18,35,52.57,170
2026-02-01,Oulu DC,SKU-001,Packaging,350,14.9,8,82,222.68,164
2026-02-01,Oulu DC,SKU-002,Packaging,99,4.0,20,110,124.82,92
2026-02-01,Oulu DC,SKU-003,Electronics,239,9.6,3,14,76.25,58
2026-02-01,Oulu DC,SKU-004,Electronics,146,6.4,7,83,153.37,64
2026-02-01,Oulu DC,SKU-005,Apparel,286,2.0,19,78,113.21,44
2026-02-01,Oulu DC,SKU-006,Electronics,272,9.8,21,74,316.01,235
2026-02-01,Oulu DC,SKU-007,Apparel,309,7.2,15,135,233.99,130
2026-02-01,Oulu DC,SKU-008,Apparel,2,8.6,2,197,150.72,43
2026-02-01,Oulu DC,SKU-009,Apparel,164,7.6,9,148,312.59,91
2026-02-01,Oulu DC,SKU-010,Home,149,12.1,2,104,87.68,60
2026-02-01,Oulu DC,SKU-011,Consumables,318,7.5,9,148,130.15,90
2026-02-01,Oulu DC,SKU-012,Apparel,393,7.2,10,140,194.57,94
2026-02-01,Oulu DC,SKU-013,Consumables,102,3.6,2,144,25.62,18
2026-02-01,Oulu DC,SKU-014,Apparel,188,15.4,16,103,5.19,293
2026-02-01,Oulu DC,SKU-015,Home,46,1.5,4,9,223.28,10
2026-02-01,Oulu DC,SKU-016,Home,49,7.5,7,8,43.59,75
2026-02-01,Oulu DC,SKU-017,Home,0,17.6,17,165,78.98,352
2026-02-01,Oulu DC,SKU-018,Apparel,362,2.0,19,25,37.01,44
2026-02-01,Oulu DC,SKU-019,Consumables,62,8.8,20,92,25.51,202
2026-02-01,Oulu DC,SKU-020,Electronics,120,10.9,10,174,70.3,142
2026-02-01,Oulu DC,SKU-021,Electronics,190,17.7,10,206,280.58,230
2026-02-01,Oulu DC,SKU-022,Electronics,251,10.3,20,57,211.18,237
2026-02-01,Oulu DC,SKU-023,Home,343,6.7,12,125,147.72,100
2026-02-01,Oulu DC,SKU-024,Home,201,14.7,3,17,305.26,88
2026-02-01,Oulu DC,SKU-025,Consumables,257,16.3,12,35,154.92,244
2026-02-01,Oulu DC,SKU-026,Apparel,448,16.4,10,34,51.41,213
2026-02-01,Oulu DC,SKU-027,Electronics,483,10.5,19,214,135.84,231
2026-02-01,Oulu DC,SKU-028,Electronics,538,3.9,21,31,210.44,94
2026-02-01,Oulu DC,SKU-029,Consumables,289,8.1,13,33,310.8,130
2026-02-01,Oulu DC,SKU-030,Consumables,393,13.8,18,182,308.19,290
2026-03-01,Helsinki DC,SKU-001,Packaging,439,8.6,2,56,117.47,43
2026-03-01,Helsinki DC,SKU-002,Packaging,346,10.4,5,130,131.4,83
2026-03-01,Helsinki DC,SKU-003,Consumables,298,5.5,5,94,275.71,44
2026-03-01,Helsinki DC,SKU-004,Apparel,108,7.1,10,143,79.95,92
2026-03-01,Helsinki DC,SKU-005,Consumables,235,15.4,21,76,26.64,370
2026-03-01,Helsinki DC,SKU-006,Apparel,524,13.2,16,130,181.91,251
2026-03-01,Helsinki DC,SKU-007,Apparel,524,8.3,21,45,316.66,199
2026-03-01,Helsinki DC,SKU-008,Electronics,132,11.0,5,43,204.54,88
2026-03-01,Helsinki DC,SKU-009,Packaging,1,14.3,10,134,26.1,186
2026-03-01,Helsinki DC,SKU-010,Packaging,377,5.0,15,95,110.97,90
2026-03-01,Helsinki DC,SKU-011,Packaging,362,3.9,6,21,74.01,35
2026-03-01,Helsinki DC,SKU-012,Home,550,6.4,20,43,243.22,147
2026-03-01,Helsinki DC,SKU-013,Electronics,212,4.8,2,15,155.82,24
2026-03-01,Helsinki DC,SKU-014,Home,505,13.6,8,168,180.25,150
2026-03-01,Helsinki DC,SKU-015,Electronics,220,5.0,6,200,21.59,45
2026-03-01,Helsinki DC,SKU-016,Apparel,220,17.4,13,138,63.2,278
2026-03-01,Helsinki DC,SKU-017,Electronics,540,9.7,13,160,178.4,155
2026-03-01,Helsinki DC,SKU-018,Electronics,148,2.9,10,62,222.8,38
2026-03-01,Helsinki DC,SKU-019,Apparel,404,17.2,19,23,35.95,378
2026-03-01,Helsinki DC,SKU-020,Home,161,0.8,2,121,246.11,4
2026-03-01,Helsinki DC,SKU-021,Apparel,427,6.8,11,132,80.48,95
2026-03-01,Helsinki DC,SKU-022,Home,337,2.6,21,105,41.16,62
2026-03-01,Helsinki DC,SKU-023,Home,146,3.4,19,28,253.52,75
2026-03-01,Helsinki DC,SKU-024,Consumables,480,4.5,11,100,260.44,63
2026-03-01,Helsinki DC,SKU-025,Electronics,541,17.5,18,75,170.29,368
2026-03-01,Helsinki DC,SKU-026,Electronics,493,6.8,11,76,55.86,95
2026-03-01,Helsinki DC,SKU-027,Packaging,33,10.4,6,40,229.1,94
2026-03-01,Helsinki DC,SKU-028,Consumables,422,8.0,4,41,95.21,56
2026-03-01,Helsinki DC,SKU-029,Consumables,235,5.6,21,114,99.0,134
2026-03-01,Helsinki DC,SKU-030,Packaging,263,16.6,8,177,157.09,183
2026-03-01,Tampere DC,SKU-001,Home,195,7.6,6,167,317.36,68
2026-03-01,Tampere DC,SKU-002,Consumables,185,17.9,5,129,49.48,143
2026-03-01,Tampere DC,SKU-003,Consumables,412,3.0,2,189,122.6,15
2026-03-01,Tampere DC,SKU-004,Consumables,417,17.2,7,30,174.19,172
2026-03-01,Tampere DC,SKU-005,Electronics,31,8.0,3,1,267.91,48
2026-03-01,Tampere DC,SKU-006,Apparel,240,7.6,7,174,166.28,76
2026-03-01,Tampere DC,SKU-007,Consumables,496,16.7,18,51,25.25,351
2026-03-01,Tampere DC,SKU-008,Consumables,448,5.6,6,209,150.23,50
2026-03-01,Tampere DC,SKU-009,Packaging,25,2.9,10,2,316.63,38
2026-03-01,Tampere DC,SKU-010,Packaging,413,13.2,19,102,203.21,290
2026-03-01,Tampere DC,SKU-011,Electronics,438,7.1,8,173,60.85,78
2026-03-01,Tampere DC,SKU-012,Home,448,4.1,5,142,238.69,33
2026-03-01,Tampere DC,SKU-013,Packaging,33,9.1,18,72,271.92,191
2026-03-01,Tampere DC,SKU-014,Home,111,1.8,17,197,196.83,36
2026-03-01,Tampere DC,SKU-015,Electronics,530,8.6,2,122,303.3,43
2026-03-01,Tampere DC,SKU-016,Consumables,63,17.9,5,205,288.16,143
2026-03-01,Tampere DC,SKU-017,Electronics,104,13.9,14,185,243.5,236
2026-03-01,Tampere DC,SKU-018,Electronics,406,4.6,11,96,151.31,64
2026-03-01,Tampere DC,SKU-019,Consumables,261,11.2,3,145,234.68,67
2026-03-01,Tampere DC,SKU-020,Home,534,16.0,7,191,224.63,160
2026-03-01,Tampere DC,SKU-021,Electronics,342,1.3,9,41,84.08,16
2026-03-01,Tampere DC,SKU-022,Electronics,11,11.6,20,176,82.34,267
2026-03-01,Tampere DC,SKU-023,Apparel,340,9.2,13,48,96.34,147
2026-03-01,Tampere DC,SKU-024,Packaging,541,15.0,6,118,78.73,135
2026-03-01,Tampere DC,SKU-025,Electronics,467,4.5,20,3,248.83,104
2026-03-01,Tampere DC,SKU-026,Apparel,241,4.8,11,189,39.03,67
2026-03-01,Tampere DC,SKU-027,Home,148,10.0,18,206,31.42,210
2026-03-01,Tampere DC,SKU-028,Consumables,282,9.4,4,160,55.76,66
2026-03-01,Tampere DC,SKU-029,Consumables,262,9.5,13,97,209.25,152
2026-03-01,Tampere DC,SKU-030,Apparel,508,13.4,9,129,291.85,161
2026-03-01,Turku DC,SKU-001,Home,324,7.3,3,104,135.52,44
2026-03-01,Turku DC,SKU-002,Consumables,163,9.6,2,41,38.05,48
2026-03-01,Turku DC,SKU-003,Apparel,53,4.1,8,50,316.22,45
2026-03-01,Turku DC,SKU-004,Consumables,469,15.5,5,157,296.87,124
2026-03-01,Turku DC,SKU-005,Electronics,343,17.8,2,32,274.14,89
2026-03-01,Turku DC,SKU-006,Consumables,150,12.2,4,119,148.33,85
2026-03-01,Turku DC,SKU-007,Apparel,529,4.9,3,88,68.6,29
2026-03-01,Turku DC,SKU-008,Electronics,96,5.3,4,1,302.97,37
2026-03-01,Turku DC,SKU-009,Packaging,22,9.9,10,206,131.33,129
2026-03-01,Turku DC,SKU-010,Home,296,9.1,8,202,128.92,100
2026-03-01,Turku DC,SKU-011,Home,220,4.5,8,74,12.05,50
2026-03-01,Turku DC,SKU-012,Packaging,259,4.1,16,210,244.54,78
2026-03-01,Turku DC,SKU-013,Consumables,530,10.6,13,150,176.54,170
2026-03-01,Turku DC,SKU-014,Packaging,314,9.4,6,214,92.34,85
2026-03-01,Turku DC,SKU-015,Apparel,67,11.1,16,14,142.64,211
2026-03-01,Turku DC,SKU-016,Home,221,13.9,11,171,80.83,195
2026-03-01,Turku DC,SKU-017,Apparel,127,5.0,5,52,246.68,40
2026-03-01,Turku DC,SKU-018,Electronics,241,14.3,18,10,312.69,300
2026-03-01,Turku DC,SKU-019,Apparel,357,15.7,15,86,80.16,283
2026-03-01,Turku DC,SKU-020,Electronics,53,5.3,17,117,311.18,106
2026-03-01,Turku DC,SKU-021,Electronics,520,10.2,6,115,180.95,92
2026-03-01,Turku DC,SKU-022,Home,47,6.1,3,74,85.66,37
2026-03-01,Turku DC,SKU-023,Electronics,110,6.5,12,14,46.69,98
2026-03-01,Turku DC,SKU-024,Home,320,10.5,3,136,79.3,63
2026-03-01,Turku DC,SKU-025,Electronics,127,6.3,18,152,275.14,132
2026-03-01,Turku DC,SKU-026,Consumables,453,9.6,10,111,171.28,125
2026-03-01,Turku DC,SKU-027,Packaging,310,7.2,17,134,262.71,144
2026-03-01,Turku DC,SKU-028,Electronics,246,17.5,14,134,141.07,298
2026-03-01,Turku DC,SKU-029,Electronics,178,0.6,21,72,263.69,14
2026-03-01,Turku DC,SKU-030,Electronics,244,2.8,17,29,219.43,56
2026-03-01,Oulu DC,SKU-001,Apparel,164,14.9,20,10,208.62,343
2026-03-01,Oulu DC,SKU-002,Apparel,117,11.5,13,144,271.98,184
2026-03-01,Oulu DC,SKU-003,Home,70,5.7,3,127,210.47,34
2026-03-01,Oulu DC,SKU-004,Apparel,27,0.9,5,156,38.98,7
2026-03-01,Oulu DC,SKU-005,Packaging,546,6.8,10,28,54.54,88
2026-03-01,Oulu DC,SKU-006,Electronics,78,1.7,21,112,119.34,41
2026-03-01,Oulu DC,SKU-007,Home,280,11.6,7,1,124.18,116
2026-03-01,Oulu DC,SKU-008,Apparel,271,8.4,4,145,318.74,59
2026-03-01,Oulu DC,SKU-009,Packaging,535,14.3,13,126,316.13,229
2026-03-01,Oulu DC,SKU-010,Apparel,308,17.7,11,30,113.69,248
2026-03-01,Oulu DC,SKU-011,Electronics,462,2.5,19,159,220.61,55
2026-03-01,Oulu DC,SKU-012,Home,498,1.7,10,210,78.58,22
2026-03-01,Oulu DC,SKU-013,Electronics,8,11.5,11,162,126.38,161
2026-03-01,Oulu DC,SKU-014,Apparel,110,7.1,8,31,104.89,78
2026-03-01,Oulu DC,SKU-015,Electronics,441,11.2,15,117,221.01,202
2026-03-01,Oulu DC,SKU-016,Consumables,229,8.9,9,154,94.81,107
2026-03-01,Oulu DC,SKU-017,Home,490,4.2,6,158,308.19,38
2026-03-01,Oulu DC,SKU-018,Consumables,122,13.5,9,120,98.17,162
2026-03-01,Oulu DC,SKU-019,Electronics,322,10.2,12,22,171.79,153
2026-03-01,Oulu DC,SKU-020,Consumables,105,14.7,9,47,190.28,176
2026-03-01,Oulu DC,SKU-021,Consumables,128,10.8,2,30,195.34,54
2026-03-01,Oulu DC,SKU-022,Packaging,204,12.0,11,62,256.2,168
2026-03-01,Oulu DC,SKU-023,Apparel,41,12.1,6,173,72.25,109
2026-03-01,Oulu DC,SKU-024,Consumables,480,7.4,8,131,261.08,81
2026-03-01,Oulu DC,SKU-025,Home,331,10.7,5,204,311.58,86
2026-03-01,Oulu DC,SKU-026,Electronics,74,12.7,19,19,283.63,279
2026-03-01,Oulu DC,SKU-027,Apparel,249,2.9,9,28,122.76,35
2026-03-01,Oulu DC,SKU-028,Consumables,464,10.0,11,31,103.07,140
2026-03-01,Oulu DC,SKU-029,Home,108,1.8,12,127,162.23,27
2026-03-01,Oulu DC,SKU-030,Home,436,8.0,19,108,208.09,176
2026-04-01,Helsinki DC,SKU-001,Home,338,8.1,9,98,12.52,97
2026-04-01,Helsinki DC,SKU-002,Electronics,521,6.6,20,206,204.61,152
2026-04-01,Helsinki DC,SKU-003,Packaging,82,12.5,13,118,146.5,200
2026-04-01,Helsinki DC,SKU-004,Home,514,14.6,19,114,99.46,321
2026-04-01,Helsinki DC,SKU-005,Consumables,393,16.1,18,1,18.82,338
2026-04-01,Helsinki DC,SKU-006,Home,357,15.6,14,29,177.19,265
2026-04-01,Helsinki DC,SKU-007,Home,74,11.7,10,129,213.96,152
2026-04-01,Helsinki DC,SKU-008,Electronics,172,17.8,6,175,45.15,160
2026-04-01,Helsinki DC,SKU-009,Consumables,387,7.1,11,169,82.05,99
2026-04-01,Helsinki DC,SKU-010,Consumables,129,3.6,9,162,214.26,43
2026-04-01,Helsinki DC,SKU-011,Apparel,374,11.0,14,23,253.23,187
2026-04-01,Helsinki DC,SKU-012,Electronics,160,1.1,4,66,129.74,8
2026-04-01,Helsinki DC,SKU-013,Home,339,15.1,4,20,135.78,106
2026-04-01,Helsinki DC,SKU-014,Consumables,228,7.9,19,105,6.82,174
2026-04-01,Helsinki DC,SKU-015,Home,447,7.1,14,37,196.64,121
2026-04-01,Helsinki DC,SKU-016,Apparel,221,7.4,16,114,118.5,141
2026-04-01,Helsinki DC,SKU-017,Home,155,12.4,5,26,239.83,99
2026-04-01,Helsinki DC,SKU-018,Packaging,85,17.9,5,207,53.25,143
2026-04-01,Helsinki DC,SKU-019,Electronics,225,16.4,12,183,55.47,246
2026-04-01,Helsinki DC,SKU-020,Apparel,268,15.8,20,168,98.73,363
2026-04-01,Helsinki DC,SKU-021,Consumables,148,13.5,4,213,296.12,94
2026-04-01,Helsinki DC,SKU-022,Home,413,10.8,18,46,177.64,227
2026-04-01,Helsinki DC,SKU-023,Apparel,180,11.1,19,134,156.18,244
2026-04-01,Helsinki DC,SKU-024,Electronics,330,0.4,4,129,228.12,3
2026-04-01,Helsinki DC,SKU-025,Electronics,215,2.0,9,213,90.16,24
2026-04-01,Helsinki DC,SKU-026,Packaging,292,2.9,6,92,67.2,26
2026-04-01,Helsinki DC,SKU-027,Consumables,317,13.6,7,179,278.99,136
2026-04-01,Helsinki DC,SKU-028,Packaging,124,9.2,12,74,197.16,138
2026-04-01,Helsinki DC,SKU-029,Home,199,12.1,2,109,289.75,60
2026-04-01,Helsinki DC,SKU-030,Packaging,546,4.5,15,0,166.1,81
2026-04-01,Tampere DC,SKU-001,Home,107,2.7,21,8,275.96,65
2026-04-01,Tampere DC,SKU-002,Packaging,88,4.4,13,87,129.16,70
2026-04-01,Tampere DC,SKU-003,Home,538,16.2,20,8,281.19,373
2026-04-01,Tampere DC,SKU-004,Consumables,500,2.6,18,191,294.64,55
2026-04-01,Tampere DC,SKU-005,Consumables,499,4.3,15,97,194.85,77
2026-04-01,Tampere DC,SKU-006,Packaging,192,14.3,8,205,240.06,157
2026-04-01,Tampere DC,SKU-007,Apparel,487,0.4,7,104,66.24,4
2026-04-01,Tampere DC,SKU-008,Home,324,2.7,14,220,32.42,46
2026-04-01,Tampere DC,SKU-009,Packaging,161,3.0,12,14,122.83,45
2026-04-01,Tampere DC,SKU-010,Packaging,516,4.1,2,123,9.71,20
2026-04-01,Tampere DC,SKU-011,Apparel,222,14.8,7,215,98.69,148
2026-04-01,Tampere DC,SKU-012,Electronics,239,0.6,13,93,47.08,10
2026-04-01,Tampere DC,SKU-013,Packaging,159,7.5,11,72,34.19,105
2026-04-01,Tampere DC,SKU-014,Packaging,182,16.6,13,64,40.08,266
2026-04-01,Tampere DC,SKU-015,Home,77,17.2,17,175,51.08,344
2026-04-01,Tampere DC,SKU-016,Home,289,1.6,10,80,157.75,21
2026-04-01,Tampere DC,SKU-017,Consumables,408,15.0,2,168,306.26,75
2026-04-01,Tampere DC,SKU-018,Apparel,306,15.4,10,97,110.69,200
2026-04-01,Tampere DC,SKU-019,Home,251,4.5,18,206,275.45,94
2026-04-01,Tampere DC,SKU-020,Packaging,56,4.8,16,27,285.64,91
2026-04-01,Tampere DC,SKU-021,Home,357,17.5,7,100,247.62,175
2026-04-01,Tampere DC,SKU-022,Apparel,550,15.0,10,12,176.47,195
2026-04-01,Tampere DC,SKU-023,Packaging,56,13.3,13,198,64.32,213
2026-04-01,Tampere DC,SKU-024,Home,493,11.6,19,139,45.02,255
2026-04-01,Tampere DC,SKU-025,Electronics,545,9.1,13,37,5.86,146
2026-04-01,Tampere DC,SKU-026,Consumables,375,16.5,17,64,274.13,330
2026-04-01,Tampere DC,SKU-027,Consumables,301,14.5,6,193,68.27,130
2026-04-01,Tampere DC,SKU-028,Home,295,10.9,8,2,33.38,120
2026-04-01,Tampere DC,SKU-029,Electronics,88,17.2,2,39,166.17,86
2026-04-01,Tampere DC,SKU-030,Consumables,202,13.2,18,135,262.19,277
2026-04-01,Turku DC,SKU-001,Apparel,162,13.6,11,182,109.16,190
2026-04-01,Turku DC,SKU-002,Electronics,385,17.6,3,49,161.98,106
2026-04-01,Turku DC,SKU-003,Home,494,10.6,19,38,28.02,233
2026-04-01,Turku DC,SKU-004,Electronics,303,17.2,18,111,284.5,361
2026-04-01,Turku DC,SKU-005,Home,522,5.4,7,217,65.71,54
2026-04-01,Turku DC,SKU-006,Consumables,548,2.4,5,100,153.58,19
2026-04-01,Turku DC,SKU-007,Apparel,322,7.8,5,101,19.6,62
2026-04-01,Turku DC,SKU-008,Electronics,240,9.0,18,0,119.51,189
2026-04-01,Turku DC,SKU-009,Consumables,82,16.6,4,134,162.92,116
2026-04-01,Turku DC,SKU-010,Home,434,10.5,14,38,195.79,178
2026-04-01,Turku DC,SKU-011,Packaging,332,16.5,16,67,183.42,314
2026-04-01,Turku DC,SKU-012,Electronics,29,7.9,2,117,281.45,40
2026-04-01,Turku DC,SKU-013,Packaging,438,17.6,7,152,264.51,176
2026-04-01,Turku DC,SKU-014,Packaging,482,11.1,9,214,48.78,133
2026-04-01,Turku DC,SKU-015,Home,366,12.4,7,106,169.76,124
2026-04-01,Turku DC,SKU-016,Apparel,90,7.1,2,200,284.01,36
2026-04-01,Turku DC,SKU-017,Consumables,400,7.1,13,168,130.94,114
2026-04-01,Turku DC,SKU-018,Electronics,489,2.1,12,142,94.8,32
2026-04-01,Turku DC,SKU-019,Electronics,201,13.3,7,215,286.45,133
2026-04-01,Turku DC,SKU-020,Consumables,337,1.3,18,180,129.79,27
2026-04-01,Turku DC,SKU-021,Consumables,215,8.4,3,57,65.59,50
2026-04-01,Turku DC,SKU-022,Home,29,7.1,21,105,108.01,170
2026-04-01,Turku DC,SKU-023,Consumables,185,0.6,7,91,181.04,6
2026-04-01,Turku DC,SKU-024,Electronics,140,12.8,10,117,190.45,166
2026-04-01,Turku DC,SKU-025,Home,209,17.5,16,55,42.24,332
2026-04-01,Turku DC,SKU-026,Electronics,353,14.6,7,82,243.63,146
2026-04-01,Turku DC,SKU-027,Home,80,3.7,9,140,137.37,44
2026-04-01,Turku DC,SKU-028,Electronics,200,14.6,3,118,105.46,88
2026-04-01,Turku DC,SKU-029,Electronics,461,14.2,13,59,80.52,227
2026-04-01,Turku DC,SKU-030,Apparel,491,1.2,21,122,300.34,29
2026-04-01,Oulu DC,SKU-001,Apparel,137,9.5,14,152,285.9,162
2026-04-01,Oulu DC,SKU-002,Electronics,443,11.7,6,21,209.08,105
2026-04-01,Oulu DC,SKU-003,Home,392,0.5,10,94,193.55,6
2026-04-01,Oulu DC,SKU-004,Packaging,471,3.8,17,215,183.82,76
2026-04-01,Oulu DC,SKU-005,Apparel,406,4.9,4,106,223.2,34
2026-04-01,Oulu DC,SKU-006,Home,332,16.8,8,48,55.0,185
2026-04-01,Oulu DC,SKU-007,Home,68,12.8,17,23,194.37,256
2026-04-01,Oulu DC,SKU-008,Apparel,27,5.2,6,133,100.87,47
2026-04-01,Oulu DC,SKU-009,Packaging,374,3.1,11,4,20.98,43
2026-04-01,Oulu DC,SKU-010,Apparel,351,17.4,11,64,256.76,244
2026-04-01,Oulu DC,SKU-011,Electronics,119,4.8,13,207,45.5,77
2026-04-01,Oulu DC,SKU-012,Consumables,222,10.0,14,55,162.83,170
2026-04-01,Oulu DC,SKU-013,Home,186,4.7,7,30,14.01,47
2026-04-01,Oulu DC,SKU-014,Home,183,17.1,16,178,166.06,325
2026-04-01,Oulu DC,SKU-015,Apparel,224,15.4,19,121,292.17,339
2026-04-01,Oulu DC,SKU-016,Home,344,7.7,3,90,248.5,46
2026-04-01,Oulu DC,SKU-017,Packaging,514,15.6,2,124,95.52,78
2026-04-01,Oulu DC,SKU-018,Electronics,477,6.2,2,71,69.99,31
2026-04-01,Oulu DC,SKU-019,Apparel,352,4.8,19,60,273.89,106
2026-04-01,Oulu DC,SKU-020,Home,440,15.8,15,115,185.25,284
2026-04-01,Oulu DC,SKU-021,Home,124,8.1,7,216,280.08,81
2026-04-01,Oulu DC,SKU-022,Apparel,301,15.6,15,5,89.9,281
2026-04-01,Oulu DC,SKU-023,Apparel,68,16.1,18,186,197.11,338
2026-04-01,Oulu DC,SKU-024,Electronics,159,0.9,4,68,299.41,6
2026-04-01,Oulu DC,SKU-025,Packaging,252,2.7,3,140,206.69,16
2026-04-01,Oulu DC,SKU-026,Packaging,149,12.4,13,217,131.13,198
2026-04-01,Oulu DC,SKU-027,Apparel,414,16.5,3,118,26.34,99
2026-04-01,Oulu DC,SKU-028,Apparel,231,8.6,10,35,91.0,112
2026-04-01,Oulu DC,SKU-029,Apparel,102,3.8,4,85,184.23,27
2026-04-01,Oulu DC,SKU-030,Apparel,3,4.2,3,171,203.64,25
2026-05-01,Helsinki DC,SKU-001,Home,333,8.8,18,72,273.58,185
2026-05-01,Helsinki DC,SKU-002,Apparel,458,17.6,2,68,72.42,88
2026-05-01,Helsinki DC,SKU-003,Apparel,125,10.9,5,178,174.93,87
2026-05-01,Helsinki DC,SKU-004,Consumables,370,10.7,4,100,108.68,75
2026-05-01,Helsinki DC,SKU-005,Consumables,19,11.6,10,138,190.2,151
2026-05-01,Helsinki DC,SKU-006,Home,416,5.5,17,112,91.6,110
2026-05-01,Helsinki DC,SKU-007,Apparel,127,11.6,21,196,293.2,278
2026-05-01,Helsinki DC,SKU-008,Consumables,440,13.9,4,44,216.07,97
2026-05-01,Helsinki DC,SKU-009,Consumables,458,3.4,19,209,14.45,75
2026-05-01,Helsinki DC,SKU-010,Apparel,96,17.4,8,4,277.94,191
2026-05-01,Helsinki DC,SKU-011,Packaging,66,5.4,13,126,134.27,86
2026-05-01,Helsinki DC,SKU-012,Consumables,177,16.6,19,27,230.1,365
2026-05-01,Helsinki DC,SKU-013,Electronics,286,12.5,10,43,19.33,162
2026-05-01,Helsinki DC,SKU-014,Home,401,16.2,3,10,70.37,97
2026-05-01,Helsinki DC,SKU-015,Electronics,181,11.8,16,131,76.1,224
2026-05-01,Helsinki DC,SKU-016,Apparel,8,11.2,6,72,207.81,101
2026-05-01,Helsinki DC,SKU-017,Consumables,76,17.8,7,220,118.06,178
2026-05-01,Helsinki DC,SKU-018,Home,324,9.7,15,5,221.67,175
2026-05-01,Helsinki DC,SKU-019,Home,533,8.5,12,58,133.6,128
2026-05-01,Helsinki DC,SKU-020,Apparel,396,6.5,9,215,45.47,78
2026-05-01,Helsinki DC,SKU-021,Apparel,196,4.9,19,58,81.34,108
2026-05-01,Helsinki DC,SKU-022,Home,534,8.3,20,212,170.02,191
2026-05-01,Helsinki DC,SKU-023,Packaging,470,9.2,9,73,125.13,110
2026-05-01,Helsinki DC,SKU-024,Consumables,360,1.4,6,65,319.3,13
2026-05-01,Helsinki DC,SKU-025,Electronics,68,11.7,11,189,159.8,164
2026-05-01,Helsinki DC,SKU-026,Consumables,107,10.0,11,70,129.6,140
2026-05-01,Helsinki DC,SKU-027,Apparel,64,2.4,18,111,288.5,50
2026-05-01,Helsinki DC,SKU-028,Electronics,494,5.4,2,9,30.9,27
2026-05-01,Helsinki DC,SKU-029,Home,419,3.2,10,139,318.87,42
2026-05-01,Helsinki DC,SKU-030,Apparel,485,15.0,3,26,79.14,90
2026-05-01,Tampere DC,SKU-001,Consumables,11,17.4,4,156,93.61,122
2026-05-01,Tampere DC,SKU-002,Packaging,130,9.2,8,9,287.33,101
2026-05-01,Tampere DC,SKU-003,Packaging,183,10.0,8,202,153.09,110
2026-05-01,Tampere DC,SKU-004,Consumables,24,9.2,8,71,138.63,101
2026-05-01,Tampere DC,SKU-005,Consumables,175,5.1,16,103,233.66,97
2026-05-01,Tampere DC,SKU-006,Consumables,422,6.6,2,131,101.25,33
2026-05-01,Tampere DC,SKU-007,Electronics,327,5.7,8,146,309.35,63
2026-05-01,Tampere DC,SKU-008,Electronics,462,4.5,9,47,271.6,54
2026-05-01,Tampere DC,SKU-009,Consumables,530,9.0,18,59,249.72,189
2026-05-01,Tampere DC,SKU-010,Electronics,141,4.5,16,74,153.52,86
2026-05-01,Tampere DC,SKU-011,Home,510,11.1,15,40,272.14,200
2026-05-01,Tampere DC,SKU-012,Electronics,85,14.2,13,127,287.58,227
2026-05-01,Tampere DC,SKU-013,Home,429,2.8,14,107,191.28,48
2026-05-01,Tampere DC,SKU-014,Home,87,2.9,13,94,24.52,46
2026-05-01,Tampere DC,SKU-015,Apparel,151,2.5,11,95,302.55,35
2026-05-01,Tampere DC,SKU-016,Home,260,8.8,10,22,67.58,114
2026-05-01,Tampere DC,SKU-017,Consumables,496,13.7,3,187,275.56,82
2026-05-01,Tampere DC,SKU-018,Electronics,359,3.2,21,62,268.57,77
2026-05-01,Tampere DC,SKU-019,Packaging,45,5.6,21,156,161.36,134
2026-05-01,Tampere DC,SKU-020,Home,442,2.1,17,200,24.3,42
2026-05-01,Tampere DC,SKU-021,Electronics,57,10.5,11,17,53.34,147
2026-05-01,Tampere DC,SKU-022,Electronics,150,4.8,5,167,165.29,38
2026-05-01,Tampere DC,SKU-023,Apparel,120,10.0,8,22,306.34,110
2026-05-01,Tampere DC,SKU-024,Home,337,14.2,15,97,224.76,256
2026-05-01,Tampere DC,SKU-025,Apparel,362,8.1,15,132,119.33,146
2026-05-01,Tampere DC,SKU-026,Consumables,363,11.9,11,151,184.83,167
2026-05-01,Tampere DC,SKU-027,Packaging,359,11.7,20,28,145.24,269
2026-05-01,Tampere DC,SKU-028,Apparel,193,6.3,9,138,253.18,76
2026-05-01,Tampere DC,SKU-029,Home,390,9.9,20,148,270.3,228
2026-05-01,Tampere DC,SKU-030,Packaging,350,1.3,3,163,304.63,8
2026-05-01,Turku DC,SKU-001,Home,348,16.2,10,150,263.64,211
2026-05-01,Turku DC,SKU-002,Electronics,321,4.3,12,88,13.95,64
2026-05-01,Turku DC,SKU-003,Consumables,321,16.8,4,63,253.36,118
2026-05-01,Turku DC,SKU-004,Home,543,15.4,10,157,149.67,200
2026-05-01,Turku DC,SKU-005,Apparel,159,7.6,12,31,10.73,114
2026-05-01,Turku DC,SKU-006,Electronics,62,15.9,14,15,14.47,270
2026-05-01,Turku DC,SKU-007,Apparel,473,11.9,4,86,185.39,83
2026-05-01,Turku DC,SKU-008,Packaging,536,6.5,19,22,180.73,143
2026-05-01,Turku DC,SKU-009,Electronics,174,3.9,4,131,275.06,27
2026-05-01,Turku DC,SKU-010,Electronics,364,6.2,14,63,3.31,105
2026-05-01,Turku DC,SKU-011,Apparel,219,15.4,7,107,146.06,154
2026-05-01,Turku DC,SKU-012,Electronics,249,7.0,14,90,186.14,119
2026-05-01,Turku DC,SKU-013,Apparel,318,16.1,8,73,27.96,177
2026-05-01,Turku DC,SKU-014,Electronics,355,12.9,18,73,222.91,271
2026-05-01,Turku DC,SKU-015,Electronics,452,10.5,12,129,52.0,158
2026-05-01,Turku DC,SKU-016,Consumables,190,6.3,19,33,117.94,139
2026-05-01,Turku DC,SKU-017,Home,450,4.7,2,98,172.24,24
2026-05-01,Turku DC,SKU-018,Packaging,249,11.3,19,137,146.29,249
2026-05-01,Turku DC,SKU-019,Electronics,501,16.0,4,197,304.1,112
2026-05-01,Turku DC,SKU-020,Electronics,178,2.1,3,169,181.0,13
2026-05-01,Turku DC,SKU-021,Home,202,14.7,13,138,87.78,235
2026-05-01,Turku DC,SKU-022,Packaging,38,6.9,11,183,114.57,97
2026-05-01,Turku DC,SKU-023,Home,425,4.6,6,189,276.62,41
2026-05-01,Turku DC,SKU-024,Apparel,440,9.1,3,15,98.15,55
2026-05-01,Turku DC,SKU-025,Electronics,254,0.9,2,211,257.51,4
2026-05-01,Turku DC,SKU-026,Packaging,377,16.4,4,217,195.92,115
2026-05-01,Turku DC,SKU-027,Apparel,223,12.2,17,9,210.42,244
2026-05-01,Turku DC,SKU-028,Packaging,156,13.3,7,3,170.78,133
2026-05-01,Turku DC,SKU-029,Electronics,173,6.9,2,79,173.66,34
2026-05-01,Turku DC,SKU-030,Consumables,34,13.6,20,2,255.42,313
2026-05-01,Oulu DC,SKU-001,Home,350,8.8,15,66,174.42,158
2026-05-01,Oulu DC,SKU-002,Electronics,74,12.0,4,42,300.4,84
2026-05-01,Oulu DC,SKU-003,Packaging,81,17.5,9,156,185.83,210
2026-05-01,Oulu DC,SKU-004,Electronics,117,2.2,9,165,210.34,26
2026-05-01,Oulu DC,SKU-005,Home,33,12.7,17,42,176.02,254
2026-05-01,Oulu DC,SKU-006,Packaging,301,10.1,15,214,85.85,182
2026-05-01,Oulu DC,SKU-007,Electronics,72,8.0,15,100,65.73,144
2026-05-01,Oulu DC,SKU-008,Apparel,223,13.9,9,77,70.02,167
2026-05-01,Oulu DC,SKU-009,Home,154,5.9,17,164,6.96,118
2026-05-01,Oulu DC,SKU-010,Packaging,492,7.5,19,30,249.33,165
2026-05-01,Oulu DC,SKU-011,Home,280,5.4,5,198,117.72,43
2026-05-01,Oulu DC,SKU-012,Apparel,394,11.2,10,199,40.55,146
2026-05-01,Oulu DC,SKU-013,Electronics,244,14.5,10,190,77.62,188
2026-05-01,Oulu DC,SKU-014,Apparel,25,15.5,11,212,217.65,217
2026-05-01,Oulu DC,SKU-015,Apparel,218,8.7,14,49,4.44,148
2026-05-01,Oulu DC,SKU-016,Packaging,304,7.0,6,25,92.67,63
2026-05-01,Oulu DC,SKU-017,Packaging,168,12.7,11,112,250.22,178
2026-05-01,Oulu DC,SKU-018,Consumables,128,14.8,5,77,46.1,118
2026-05-01,Oulu DC,SKU-019,Consumables,543,13.2,18,85,134.32,277
2026-05-01,Oulu DC,SKU-020,Consumables,41,17.3,21,175,121.31,415
2026-05-01,Oulu DC,SKU-021,Consumables,86,14.6,21,188,117.6,350
2026-05-01,Oulu DC,SKU-022,Packaging,193,10.0,10,208,316.12,130
2026-05-01,Oulu DC,SKU-023,Consumables,86,12.0,18,204,270.85,252
2026-05-01,Oulu DC,SKU-024,Consumables,190,13.4,18,3,201.91,281
2026-05-01,Oulu DC,SKU-025,Home,182,8.0,13,205,49.31,128
2026-05-01,Oulu DC,SKU-026,Packaging,320,17.7,18,207,66.08,372
2026-05-01,Oulu DC,SKU-027,Electronics,529,11.8,14,167,172.44,201
2026-05-01,Oulu DC,SKU-028,Consumables,471,17.7,3,198,187.55,106
2026-05-01,Oulu DC,SKU-029,Home,432,12.1,3,141,167.15,73
2026-05-01,Oulu DC,SKU-030,Packaging,47,3.6,15,120,165.68,65
2026-06-01,Helsinki DC,SKU-001,Apparel,173,13.8,2,2,159.31,69
2026-06-01,Helsinki DC,SKU-002,Apparel,258,3.0,19,217,149.11,66
2026-06-01,Helsinki DC,SKU-003,Apparel,143,10.9,18,107,298.31,229
2026-06-01,Helsinki DC,SKU-004,Electronics,347,16.4,9,21,6.13,197
2026-06-01,Helsinki DC,SKU-005,Consumables,295,5.2,9,162,166.58,62
2026-06-01,Helsinki DC,SKU-006,Consumables,366,6.7,15,190,65.04,121
2026-06-01,Helsinki DC,SKU-007,Apparel,546,2.8,21,83,262.03,67
2026-06-01,Helsinki DC,SKU-008,Home,437,2.9,19,33,249.48,64
2026-06-01,Helsinki DC,SKU-009,Home,223,15.2,15,7,51.17,274
2026-06-01,Helsinki DC,SKU-010,Packaging,202,2.8,5,215,62.25,22
2026-06-01,Helsinki DC,SKU-011,Packaging,281,5.6,16,52,207.6,106
2026-06-01,Helsinki DC,SKU-012,Electronics,468,6.0,12,57,62.24,90
2026-06-01,Helsinki DC,SKU-013,Packaging,514,4.2,14,48,61.71,71
2026-06-01,Helsinki DC,SKU-014,Consumables,140,7.1,19,79,101.35,156
2026-06-01,Helsinki DC,SKU-015,Consumables,261,3.0,14,183,285.28,51
2026-06-01,Helsinki DC,SKU-016,Apparel,263,2.5,20,138,279.11,58
2026-06-01,Helsinki DC,SKU-017,Consumables,235,1.3,14,23,245.76,22
2026-06-01,Helsinki DC,SKU-018,Electronics,237,5.0,16,107,249.52,95
2026-06-01,Helsinki DC,SKU-019,Electronics,11,15.0,18,219,39.88,315
2026-06-01,Helsinki DC,SKU-020,Apparel,162,14.8,13,41,166.73,237
2026-06-01,Helsinki DC,SKU-021,Apparel,106,17.4,11,183,235.2,244
2026-06-01,Helsinki DC,SKU-022,Consumables,300,14.9,9,18,281.26,179
2026-06-01,Helsinki DC,SKU-023,Apparel,285,11.1,2,205,216.68,56
2026-06-01,Helsinki DC,SKU-024,Home,484,10.4,11,167,301.87,146
2026-06-01,Helsinki DC,SKU-025,Home,159,0.7,18,47,308.86,15
2026-06-01,Helsinki DC,SKU-026,Consumables,139,1.6,14,88,63.72,27
2026-06-01,Helsinki DC,SKU-027,Packaging,141,7.8,8,43,319.77,86
2026-06-01,Helsinki DC,SKU-028,Apparel,213,14.4,16,169,12.4,274
2026-06-01,Helsinki DC,SKU-029,Apparel,125,4.5,6,133,185.04,40
2026-06-01,Helsinki DC,SKU-030,Apparel,161,17.5,4,104,140.59,122
2026-06-01,Tampere DC,SKU-001,Apparel,306,16.8,7,38,106.27,168
2026-06-01,Tampere DC,SKU-002,Home,438,1.7,6,6,155.55,15
2026-06-01,Tampere DC,SKU-003,Consumables,225,17.8,16,58,275.14,338
2026-06-01,Tampere DC,SKU-004,Home,360,12.6,20,172,308.91,290
2026-06-01,Tampere DC,SKU-005,Home,517,10.9,3,125,64.21,65
2026-06-01,Tampere DC,SKU-006,Home,508,3.9,4,31,279.6,27
2026-06-01,Tampere DC,SKU-007,Packaging,217,11.3,13,127,238.39,181
2026-06-01,Tampere DC,SKU-008,Consumables,167,15.6,13,51,186.22,250
2026-06-01,Tampere DC,SKU-009,Consumables,542,1.1,12,182,243.95,16
2026-06-01,Tampere DC,SKU-010,Consumables,107,4.0,8,97,303.81,44
2026-06-01,Tampere DC,SKU-011,Apparel,31,9.2,21,188,36.4,221
2026-06-01,Tampere DC,SKU-012,Electronics,519,17.1,12,70,160.58,256
2026-06-01,Tampere DC,SKU-013,Packaging,0,12.0,9,129,143.41,144
2026-06-01,Tampere DC,SKU-014,Packaging,194,4.9,5,162,113.9,39
2026-06-01,Tampere DC,SKU-015,Electronics,3,4.2,15,53,105.78,76
2026-06-01,Tampere DC,SKU-016,Packaging,237,3.1,19,110,195.83,68
2026-06-01,Tampere DC,SKU-017,Home,113,2.3,6,98,36.56,21
2026-06-01,Tampere DC,SKU-018,Electronics,338,7.0,8,67,148.39,77
2026-06-01,Tampere DC,SKU-019,Home,275,9.4,6,112,22.19,85
2026-06-01,Tampere DC,SKU-020,Packaging,232,1.9,19,166,255.17,42
2026-06-01,Tampere DC,SKU-021,Packaging,254,4.8,16,99,274.68,91
2026-06-01,Tampere DC,SKU-022,Apparel,450,11.1,17,183,7.23,222
2026-06-01,Tampere DC,SKU-023,Apparel,348,11.9,3,111,162.72,71
2026-06-01,Tampere DC,SKU-024,Home,362,14.8,8,102,164.03,163
2026-06-01,Tampere DC,SKU-025,Apparel,10,4.7,3,189,152.22,28
2026-06-01,Tampere DC,SKU-026,Consumables,31,2.4,18,198,215.14,50
2026-06-01,Tampere DC,SKU-027,Home,410,8.4,13,91,201.22,134
2026-06-01,Tampere DC,SKU-028,Electronics,461,0.5,17,127,144.53,10
2026-06-01,Tampere DC,SKU-029,Electronics,393,7.2,12,172,29.84,108
2026-06-01,Tampere DC,SKU-030,Packaging,86,4.5,4,203,42.96,32
2026-06-01,Turku DC,SKU-001,Home,315,0.4,14,219,291.33,7
2026-06-01,Turku DC,SKU-002,Electronics,33,13.3,21,170,33.91,319
2026-06-01,Turku DC,SKU-003,Electronics,128,14.9,7,60,69.45,149
2026-06-01,Turku DC,SKU-004,Apparel,490,4.0,8,132,304.88,44
2026-06-01,Turku DC,SKU-005,Packaging,153,2.6,17,91,2.04,52
2026-06-01,Turku DC,SKU-006,Home,241,6.4,17,6,217.39,128
2026-06-01,Turku DC,SKU-007,Apparel,539,15.8,13,116,248.13,253
2026-06-01,Turku DC,SKU-008,Packaging,107,15.1,10,89,196.52,196
2026-06-01,Turku DC,SKU-009,Home,221,17.8,13,156,9.36,285
2026-06-01,Turku DC,SKU-010,Electronics,154,9.7,12,104,250.39,146
2026-06-01,Turku DC,SKU-011,Electronics,170,2.6,17,41,111.19,52
2026-06-01,Turku DC,SKU-012,Electronics,287,17.4,3,199,224.74,104
2026-06-01,Turku DC,SKU-013,Apparel,349,2.0,19,174,167.82,44
2026-06-01,Turku DC,SKU-014,Electronics,420,16.4,11,60,270.03,230
2026-06-01,Turku DC,SKU-015,Packaging,350,16.8,16,90,224.12,319
2026-06-01,Turku DC,SKU-016,Packaging,137,9.4,19,186,174.34,207
2026-06-01,Turku DC,SKU-017,Home,388,8.5,17,126,160.74,170
2026-06-01,Turku DC,SKU-018,Electronics,3,10.5,8,181,86.37,116
2026-06-01,Turku DC,SKU-019,Consumables,182,17.3,13,200,272.89,277
2026-06-01,Turku DC,SKU-020,Home,358,5.7,17,90,130.03,114
2026-06-01,Turku DC,SKU-021,Electronics,319,1.2,11,53,104.81,17
2026-06-01,Turku DC,SKU-022,Electronics,468,9.5,6,80,162.32,86
2026-06-01,Turku DC,SKU-023,Home,547,12.2,10,102,112.75,159
2026-06-01,Turku DC,SKU-024,Apparel,95,4.3,6,184,104.53,39
2026-06-01,Turku DC,SKU-025,Home,69,13.5,13,96,145.98,216
2026-06-01,Turku DC,SKU-026,Packaging,73,1.6,6,183,301.87,14
2026-06-01,Turku DC,SKU-027,Home,136,5.4,15,80,98.84,97
2026-06-01,Turku DC,SKU-028,Apparel,9,13.0,21,101,95.44,312
2026-06-01,Turku DC,SKU-029,Apparel,210,2.2,20,42,73.34,51
2026-06-01,Turku DC,SKU-030,Consumables,534,0.9,3,88,219.01,5
2026-06-01,Oulu DC,SKU-001,Apparel,362,15.0,11,142,29.73,210
2026-06-01,Oulu DC,SKU-002,Electronics,377,12.8,3,187,301.75,77
2026-06-01,Oulu DC,SKU-003,Consumables,444,6.2,15,49,254.04,112
2026-06-01,Oulu DC,SKU-004,Packaging,323,2.2,16,111,191.19,42
2026-06-01,Oulu DC,SKU-005,Home,493,8.7,19,60,230.51,191
2026-06-01,Oulu DC,SKU-006,Apparel,397,11.7,13,132,174.95,187
2026-06-01,Oulu DC,SKU-007,Packaging,347,12.3,10,188,293.76,160
2026-06-01,Oulu DC,SKU-008,Electronics,47,5.8,18,103,249.84,122
2026-06-01,Oulu DC,SKU-009,Packaging,120,14.0,4,93,289.02,98
2026-06-01,Oulu DC,SKU-010,Packaging,491,7.1,13,66,144.61,114
2026-06-01,Oulu DC,SKU-011,Consumables,495,11.2,2,41,186.14,56
2026-06-01,Oulu DC,SKU-012,Home,347,11.1,13,105,218.12,178
2026-06-01,Oulu DC,SKU-013,Electronics,516,8.1,7,214,3.84,81
2026-06-01,Oulu DC,SKU-014,Apparel,410,0.6,15,159,130.02,11
2026-06-01,Oulu DC,SKU-015,Consumables,250,0.4,8,98,295.82,4
2026-06-01,Oulu DC,SKU-016,Consumables,116,16.8,17,122,235.29,336
2026-06-01,Oulu DC,SKU-017,Electronics,20,0.7,21,53,125.07,17
2026-06-01,Oulu DC,SKU-018,Apparel,453,2.5,14,80,81.62,42
2026-06-01,Oulu DC,SKU-019,Electronics,96,4.9,17,167,99.21,98
2026-06-01,Oulu DC,SKU-020,Apparel,284,7.3,10,31,170.71,95
2026-06-01,Oulu DC,SKU-021,Electronics,200,7.4,10,147,196.59,96
2026-06-01,Oulu DC,SKU-022,Apparel,77,5.9,15,141,113.34,106
2026-06-01,Oulu DC,SKU-023,Home,516,1.9,15,88,157.76,34
2026-06-01,Oulu DC,SKU-024,Consumables,282,16.7,5,110,47.33,134
2026-06-01,Oulu DC,SKU-025,Apparel,349,2.0,5,163,184.05,16
2026-06-01,Oulu DC,SKU-026,Packaging,493,17.8,16,16,83.61,338
2026-06-01,Oulu DC,SKU-027,Electronics,301,15.4,15,61,147.77,277
2026-06-01,Oulu DC,SKU-028,Home,115,2.9,12,207,68.69,44
2026-06-01,Oulu DC,SKU-029,Home,119,1.2,21,124,151.45,29
2026-06-01,Oulu DC,SKU-030,Apparel,468,7.1,15,48,201.92,128
